-- phpMyAdmin SQL Dump
-- version 5.2.0
-- https://www.phpmyadmin.net/
--
-- Servidor: 127.0.0.1
-- Tiempo de generación: 12-05-2025 a las 00:49:42
-- Versión del servidor: 10.4.27-MariaDB
-- Versión de PHP: 7.4.33

SET SQL_MODE = "NO_AUTO_VALUE_ON_ZERO";
START TRANSACTION;
SET time_zone = "+00:00";


/*!40101 SET @OLD_CHARACTER_SET_CLIENT=@@CHARACTER_SET_CLIENT */;
/*!40101 SET @OLD_CHARACTER_SET_RESULTS=@@CHARACTER_SET_RESULTS */;
/*!40101 SET @OLD_COLLATION_CONNECTION=@@COLLATION_CONNECTION */;
/*!40101 SET NAMES utf8mb4 */;

--
-- Base de datos: `tienda_ticket`
--

-- --------------------------------------------------------

--
-- Estructura de tabla para la tabla `artista`
--

CREATE TABLE `artista` (
  `art_id` int(11) NOT NULL,
  `art_nombre` varchar(50) NOT NULL,
  `art_descripcion` varchar(5000) NOT NULL,
  `art_imagen_logo` varchar(200) NOT NULL,
  `art_imagen_portada` varchar(200) NOT NULL,
  `art_genero` varchar(50) NOT NULL,
  `art_estado` tinyint(4) NOT NULL
) ENGINE=InnoDB DEFAULT CHARSET=utf8mb4 COLLATE=utf8mb4_spanish_ci;

--
-- Volcado de datos para la tabla `artista`
--

INSERT INTO `artista` (`art_id`, `art_nombre`, `art_descripcion`, `art_imagen_logo`, `art_imagen_portada`, `art_genero`, `art_estado`) VALUES
(1, 'String Karma', 'Banda peruana de fusión andina y rock, reconocida por su energía en vivo.', '1.jpg', '1.jpg', 'Fusión Andina', 1),
(2, 'Max Castro', 'Cantautor huancaíno de música andina contemporánea, con una amplia trayectoria.', '2.jpg', '1.jpg', 'Andina', 1),
(3, 'Rosaflor', 'Artista folklórica peruana que destaca por su interpretación y carisma en el escenario.', '3.jpg', '1.jpg', 'Folklore', 1),
(4, 'La Única Tropical', 'Orquesta tropical con presencia en todo el Perú, conocida por su ritmo contagiante.', '4.jpg', '1.jpg', 'Cumbia', 1),
(5, 'Corazón Serrano', 'Agrupación de cumbia sanjuanera, con una amplia discografía y seguidores.', '5.jpg', '1.jpg', 'Cumbia', 1),
(6, 'Deyvis Orosco', 'Cantante de cumbia peruana, hijo del legendario Johnny Orosco.', '6.jpg', '1.jpg', 'Cumbia', 1),
(7, 'Dilbert Aguilar', 'Artista de cumbia y salsa, conocido por su estilo único y carisma.', '7.jpg', '1.jpg', 'Cumbia/Salsa', 1),
(8, 'Tony Rosado', 'Cantante de cumbia con una carrera de décadas, conocido por su estilo directo.', '8.jpg', '1.jpg', 'Cumbia', 1),
(9, 'Papillón', 'Orquesta de cumbia que ha ganado popularidad por su energía en el escenario.', '9.jpg', '1.jpg', 'Cumbia', 1),
(10, 'La Bella Luz', 'Grupo de cumbia originario de Monsefú, con una trayectoria destacada.', '10.jpg', '1.jpg', 'Cumbia', 1),
(11, 'Kate Candela', 'Cantante peruana de salsa y cumbia, reconocida por su potente voz.', '11.jpg', '1.jpg', 'Salsa/Cumbia', 1),
(12, 'Amaranta', 'Agrupación de música andina contemporánea, con un estilo fresco y moderno.', '12.jpg', '1.jpg', 'Andina', 1),
(13, 'Bareto', 'Banda peruana que fusiona cumbia, reggae y otros géneros, con proyección internacional.', '13.jpg', '1.jpg', 'Fusión', 1),
(14, 'Grupo Guinda', 'Orquesta de cumbia que ha marcado época con sus éxitos bailables.', '14.jpg', '1.jpg', 'Cumbia', 1),
(15, 'Mariflor Gómez', 'Cantante de música andina, conocida por su interpretación emotiva.', '15.jpg', '1.jpg', 'Andina', 1),
(16, 'Águilas de América', 'Agrupación de cumbia con una propuesta fresca y juvenil.', '16.jpg', '1.jpg', 'Cumbia', 1),
(17, 'Antología', 'Grupo de música andina contemporánea, con una fusión de estilos tradicionales y modernos.', '17.jpg', '1.jpg', 'Andina', 0),
(20, 'EXPLOSION DE IQUITOS', 'EXPLOSIÓN DE IQUITOS ES UNA RECONOCIDA AGRUPACIÓN PERUANA DE CUMBIA AMAZÓNICA FUNDADA EN 1998 EN LA CIUDAD DE IQUITOS POR RAÚL FLORES CHÁVEZ. SURGIÓ COMO UN PROYECTO HUMILDE Y CON POCOS RECURSOS, PERO CON EL TIEMPO SE CONSOLIDÓ COMO UNO DE LOS PRINCIPALES REFERENTES DE LA MÚSICA TROPICAL EN EL PERÚ. SU ESTILO COMBINA RITMO, PICARDÍA Y ALEGRÍA, REPRESENTANDO CON ORGULLO LA CULTURA AMAZÓNICA EN CADA UNA DE SUS PRESENTACIONES.\r\n\r\nLA BANDA ALCANZÓ FAMA NACIONAL E INTERNACIONAL GRACIAS A SU PEGAJOSA VERSIÓN DEL TEMA “NO SÉ”, QUE SE VOLVIÓ VIRAL EN REDES SOCIALES COMO TIKTOK. ACTUALMENTE, EXPLOSIÓN DE IQUITOS CUENTA CON UNA NUMEROSA AGRUPACIÓN DE MÚSICOS Y BAILARINES, Y ES CONOCIDA POR SUS EXTENSOS Y ANIMADOS SHOWS EN VIVO. SU TRAYECTORIA DE MÁS DE DOS DÉCADAS LA POSICIONA COMO UN ÍCONO DE LA CUMBIA PERUANA.', 'b3ee743c0df75d9f8ce649efbc8e8e5c.png', '9384d497167aa182e7f34d0e3afae5ef.png', 'IQUITOS', 1);

-- --------------------------------------------------------

--
-- Estructura de tabla para la tabla `artista_concierto`
--

CREATE TABLE `artista_concierto` (
  `art_con_id` int(11) NOT NULL,
  `con_id` int(11) NOT NULL,
  `art_id` int(11) NOT NULL,
  `art_con_horario_presentacion` datetime DEFAULT NULL
) ENGINE=InnoDB DEFAULT CHARSET=utf8mb4 COLLATE=utf8mb4_spanish_ci;

--
-- Volcado de datos para la tabla `artista_concierto`
--

INSERT INTO `artista_concierto` (`art_con_id`, `con_id`, `art_id`, `art_con_horario_presentacion`) VALUES
(1, 1, 2, '2025-04-20 16:37:23'),
(2, 1, 12, '2025-04-20 13:37:23'),
(3, 2, 5, '2025-04-20 10:37:23'),
(4, 3, 1, '2025-04-20 08:37:23'),
(5, 3, 9, '2025-04-20 08:25:23'),
(6, 4, 11, '2025-04-20 08:12:23'),
(8, 6, 15, '2025-04-20 10:12:23'),
(9, 7, 7, '2025-04-20 12:12:23'),
(10, 8, 17, '2025-04-20 10:12:23'),
(11, 9, 12, '2025-04-20 14:12:23'),
(12, 10, 4, '2025-04-20 13:12:23'),
(13, 11, 6, '2025-04-20 14:12:23'),
(14, 12, 8, '2025-04-20 14:12:23'),
(15, 13, 3, '2025-04-20 10:12:23'),
(16, 14, 5, '2025-04-20 10:12:23'),
(17, 15, 6, '2025-04-20 14:12:23'),
(18, 16, 14, '2025-04-20 09:12:23'),
(19, 17, 13, '2025-04-20 15:12:23'),
(20, 18, 16, '2025-04-20 09:12:23'),
(40, 5, 4, '2025-11-28 16:57:00'),
(44, 36, 1, '2025-04-29 16:46:00'),
(45, 36, 3, '2025-04-29 13:44:00'),
(48, 37, 1, '2025-06-08 14:35:00'),
(49, 37, 4, '2025-06-08 14:35:00'),
(50, 38, 12, '2025-05-11 21:18:00');

-- --------------------------------------------------------

--
-- Estructura de tabla para la tabla `banners_ecommerce`
--

CREATE TABLE `banners_ecommerce` (
  `ban_id` int(11) NOT NULL,
  `ban_nombre` varchar(250) NOT NULL,
  `ban_tipo` tinyint(4) NOT NULL,
  `ban_estado` tinyint(4) NOT NULL
) ENGINE=InnoDB DEFAULT CHARSET=utf8mb4 COLLATE=utf8mb4_spanish_ci;

--
-- Volcado de datos para la tabla `banners_ecommerce`
--

INSERT INTO `banners_ecommerce` (`ban_id`, `ban_nombre`, `ban_tipo`, `ban_estado`) VALUES
(1, 'tuboleto_banner_final_1110x192.png', 1, 1),
(2, 'tuboleto_banner_1110x370.png', 3, 1),
(4, '1.jpg', 2, 1),
(5, '2.jpg', 2, 1),
(6, '3.jpg', 2, 1),
(7, '4.jpg', 2, 1),
(8, '5.jpg', 2, 1),
(9, '3754275694a1b3fe99d399905c5a564f.jpg', 0, 1);

-- --------------------------------------------------------

--
-- Estructura de tabla para la tabla `bitacora`
--

CREATE TABLE `bitacora` (
  `usu_id` int(11) NOT NULL,
  `suc_id` int(11) NOT NULL,
  `bit_fecha` datetime NOT NULL,
  `bit_accion` varchar(250) NOT NULL,
  `bit_ip` varchar(20) NOT NULL,
  `bit_tipo` varchar(30) NOT NULL
) ENGINE=InnoDB DEFAULT CHARSET=utf8 COLLATE=utf8_spanish_ci;

--
-- Volcado de datos para la tabla `bitacora`
--

INSERT INTO `bitacora` (`usu_id`, `suc_id`, `bit_fecha`, `bit_accion`, `bit_ip`, `bit_tipo`) VALUES
(1, 0, '2025-04-20 16:39:10', 'Acceso a Tienda / home', '::1', 'Acceso Vista'),
(1, 0, '2025-04-20 16:39:11', 'Acceso a Tienda / mostrar_conciertos', '::1', 'Acceso Vista'),
(1, 0, '2025-04-20 16:43:05', 'Acceso a Tienda / home', '::1', 'Acceso Vista'),
(1, 0, '2025-04-20 16:43:06', 'Acceso a Tienda / mostrar_conciertos', '::1', 'Acceso Vista'),
(1, 0, '2025-04-20 16:47:26', 'Acceso a Tienda / home', '::1', 'Acceso Vista'),
(1, 0, '2025-04-20 16:47:26', 'Acceso a Tienda / mostrar_conciertos', '::1', 'Acceso Vista'),
(1, 0, '2025-04-20 16:47:29', 'Acceso a Tienda / home', '::1', 'Acceso Vista'),
(1, 0, '2025-04-20 16:47:30', 'Acceso a Tienda / mostrar_conciertos', '::1', 'Acceso Vista'),
(1, 0, '2025-04-20 16:48:54', 'Acceso a Tienda / home', '::1', 'Acceso Vista'),
(1, 0, '2025-04-20 16:48:54', 'Acceso a Tienda / mostrar_conciertos', '::1', 'Acceso Vista'),
(1, 0, '2025-04-20 16:49:16', 'Acceso a Tienda / home', '::1', 'Acceso Vista'),
(1, 0, '2025-04-20 16:49:16', 'Acceso a Tienda / mostrar_conciertos', '::1', 'Acceso Vista'),
(1, 0, '2025-04-20 16:52:39', 'Acceso a Tienda / home', '::1', 'Acceso Vista'),
(1, 0, '2025-04-20 16:52:40', 'Acceso a Tienda / mostrar_conciertos', '::1', 'Acceso Vista'),
(1, 0, '2025-04-20 16:55:08', 'Acceso a Tienda / home', '::1', 'Acceso Vista'),
(1, 0, '2025-04-20 16:55:08', 'Acceso a Tienda / mostrar_conciertos', '::1', 'Acceso Vista'),
(1, 0, '2025-04-20 16:55:22', 'Acceso a Tienda / editar_perfil', '::1', 'Acceso Vista'),
(1, 0, '2025-04-20 17:01:44', 'Acceso a Tienda / home', '::1', 'Acceso Vista'),
(1, 0, '2025-04-20 17:01:44', 'Acceso a Tienda / mostrar_conciertos', '::1', 'Acceso Vista'),
(1, 0, '2025-04-20 17:01:48', 'Acceso a Tienda / home', '::1', 'Acceso Vista'),
(1, 0, '2025-04-20 17:01:48', 'Acceso a Tienda / home', '::1', 'Acceso Vista'),
(1, 0, '2025-04-20 17:01:49', 'Acceso a Tienda / mostrar_conciertos', '::1', 'Acceso Vista'),
(1, 0, '2025-04-20 17:54:18', 'Acceso a Tienda / editar_perfil', '::1', 'Acceso Vista'),
(1, 0, '2025-04-20 18:08:12', 'Acceso a Tienda / home', '::1', 'Acceso Vista'),
(1, 0, '2025-04-20 18:08:13', 'Acceso a Tienda / mostrar_conciertos', '::1', 'Acceso Vista'),
(1, 0, '2025-04-20 18:32:03', 'Acceso a Tienda / home', '::1', 'Acceso Vista'),
(1, 0, '2025-04-20 18:32:04', 'Acceso a Tienda / mostrar_conciertos', '::1', 'Acceso Vista'),
(1, 0, '2025-04-20 18:37:27', 'Acceso a Tienda / home', '::1', 'Acceso Vista'),
(1, 0, '2025-04-20 18:37:28', 'Acceso a Tienda / mostrar_conciertos', '::1', 'Acceso Vista'),
(1, 0, '2025-04-20 18:37:33', 'Acceso a Tienda / home', '::1', 'Acceso Vista'),
(1, 0, '2025-04-20 18:37:34', 'Acceso a Tienda / mostrar_conciertos', '::1', 'Acceso Vista'),
(1, 0, '2025-04-20 18:38:49', 'Acceso a Tienda / home', '::1', 'Acceso Vista'),
(1, 0, '2025-04-20 18:38:50', 'Acceso a Tienda / mostrar_conciertos', '::1', 'Acceso Vista'),
(1, 0, '2025-04-20 19:22:16', 'Acceso a Tienda / home', '::1', 'Acceso Vista'),
(1, 0, '2025-04-20 19:22:16', 'Acceso a Tienda / mostrar_conciertos', '::1', 'Acceso Vista'),
(1, 0, '2025-04-20 19:22:38', 'Acceso a Tienda / home', '::1', 'Acceso Vista'),
(1, 0, '2025-04-20 19:22:38', 'Acceso a Tienda / mostrar_conciertos', '::1', 'Acceso Vista'),
(1, 0, '2025-04-20 19:24:10', 'Acceso a Tienda / home', '::1', 'Acceso Vista'),
(1, 0, '2025-04-20 19:24:10', 'Acceso a Tienda / mostrar_conciertos', '::1', 'Acceso Vista'),
(1, 0, '2025-04-20 19:24:12', 'Acceso a Tienda / home', '::1', 'Acceso Vista'),
(1, 0, '2025-04-20 19:24:12', 'Acceso a Tienda / mostrar_conciertos', '::1', 'Acceso Vista'),
(1, 0, '2025-04-20 19:24:15', 'Acceso a Tienda / home', '::1', 'Acceso Vista'),
(1, 0, '2025-04-20 19:24:15', 'Acceso a Tienda / mostrar_conciertos', '::1', 'Acceso Vista'),
(1, 0, '2025-04-20 19:24:16', 'Acceso a Tienda / home', '::1', 'Acceso Vista'),
(1, 0, '2025-04-20 19:24:16', 'Acceso a Tienda / mostrar_conciertos', '::1', 'Acceso Vista'),
(1, 0, '2025-04-20 19:25:23', 'Acceso a Tienda / home', '::1', 'Acceso Vista'),
(1, 0, '2025-04-20 19:25:23', 'Acceso a Tienda / mostrar_conciertos', '::1', 'Acceso Vista'),
(1, 0, '2025-04-20 19:26:23', 'Acceso a Tienda / home', '::1', 'Acceso Vista'),
(1, 0, '2025-04-20 19:26:24', 'Acceso a Tienda / mostrar_conciertos', '::1', 'Acceso Vista'),
(1, 0, '2025-04-20 19:27:27', 'Acceso a Tienda / home', '::1', 'Acceso Vista'),
(1, 0, '2025-04-20 19:27:27', 'Acceso a Tienda / mostrar_conciertos', '::1', 'Acceso Vista'),
(1, 0, '2025-04-20 19:29:23', 'Acceso a Tienda / home', '::1', 'Acceso Vista'),
(1, 0, '2025-04-20 19:29:24', 'Acceso a Tienda / mostrar_conciertos', '::1', 'Acceso Vista'),
(1, 0, '2025-04-20 19:31:40', 'Acceso a Tienda / home', '::1', 'Acceso Vista'),
(1, 0, '2025-04-20 19:31:40', 'Acceso a Tienda / mostrar_conciertos', '::1', 'Acceso Vista'),
(1, 0, '2025-04-20 19:39:11', 'Acceso a Tienda / home', '::1', 'Acceso Vista'),
(1, 0, '2025-04-20 19:39:11', 'Acceso a Tienda / mostrar_conciertos', '::1', 'Acceso Vista'),
(1, 0, '2025-04-20 19:39:15', 'Acceso a Tienda / home', '::1', 'Acceso Vista'),
(1, 0, '2025-04-20 19:39:16', 'Acceso a Tienda / mostrar_conciertos', '::1', 'Acceso Vista'),
(1, 0, '2025-04-20 19:39:16', 'Acceso a Tienda / home', '::1', 'Acceso Vista'),
(1, 0, '2025-04-20 19:39:17', 'Acceso a Tienda / mostrar_conciertos', '::1', 'Acceso Vista'),
(1, 0, '2025-04-20 19:40:03', 'Acceso a Tienda / home', '::1', 'Acceso Vista'),
(1, 0, '2025-04-20 19:40:03', 'Acceso a Tienda / mostrar_conciertos', '::1', 'Acceso Vista'),
(1, 0, '2025-04-20 19:40:56', 'Acceso a Tienda / home', '::1', 'Acceso Vista'),
(1, 0, '2025-04-20 19:40:56', 'Acceso a Tienda / mostrar_conciertos', '::1', 'Acceso Vista'),
(1, 0, '2025-04-20 19:41:02', 'Acceso a Tienda / conciertos', '::1', 'Acceso Vista'),
(1, 0, '2025-04-20 19:41:04', 'Acceso a Tienda / conciertos', '::1', 'Acceso Vista'),
(1, 0, '2025-04-20 19:41:21', 'Acceso a Tienda / home', '::1', 'Acceso Vista'),
(1, 0, '2025-04-20 19:41:21', 'Acceso a Tienda / mostrar_conciertos', '::1', 'Acceso Vista'),
(1, 0, '2025-04-20 19:41:24', 'Acceso a Tienda / conciertos', '::1', 'Acceso Vista'),
(1, 0, '2025-04-20 19:42:58', 'Acceso a Tienda / conciertos', '::1', 'Acceso Vista'),
(1, 0, '2025-04-20 19:43:03', 'Acceso a Tienda / home', '::1', 'Acceso Vista'),
(1, 0, '2025-04-20 19:43:03', 'Acceso a Tienda / mostrar_conciertos', '::1', 'Acceso Vista'),
(1, 0, '2025-04-20 19:43:06', 'Acceso a Tienda / home', '::1', 'Acceso Vista'),
(1, 0, '2025-04-20 19:43:06', 'Acceso a Tienda / mostrar_conciertos', '::1', 'Acceso Vista'),
(1, 0, '2025-04-20 19:45:26', 'Acceso a Tienda / home', '::1', 'Acceso Vista'),
(1, 0, '2025-04-20 19:45:26', 'Acceso a Tienda / mostrar_conciertos', '::1', 'Acceso Vista'),
(1, 0, '2025-04-20 19:45:27', 'Acceso a Tienda / conciertos', '::1', 'Acceso Vista'),
(1, 0, '2025-04-20 19:45:34', 'Acceso a Tienda / conciertos', '::1', 'Acceso Vista'),
(1, 0, '2025-04-20 19:46:15', 'Acceso a Tienda / conciertos', '::1', 'Acceso Vista'),
(1, 0, '2025-04-20 19:47:32', 'Acceso a Tienda / conciertos', '::1', 'Acceso Vista'),
(1, 0, '2025-04-20 19:47:47', 'Acceso a Tienda / conciertos', '::1', 'Acceso Vista'),
(1, 0, '2025-04-20 19:49:07', 'Acceso a Tienda / conciertos', '::1', 'Acceso Vista'),
(1, 0, '2025-04-20 19:49:09', 'Acceso a Tienda / conciertos', '::1', 'Acceso Vista'),
(1, 0, '2025-04-20 19:49:25', 'Acceso a Tienda / conciertos', '::1', 'Acceso Vista'),
(1, 0, '2025-04-20 19:49:26', 'Acceso a Tienda / conciertos', '::1', 'Acceso Vista'),
(1, 0, '2025-04-20 19:49:33', 'Acceso a Tienda / conciertos', '::1', 'Acceso Vista'),
(1, 0, '2025-04-20 19:49:59', 'Acceso a Tienda / conciertos', '::1', 'Acceso Vista'),
(1, 0, '2025-04-20 19:52:37', 'Acceso a Tienda / conciertos', '::1', 'Acceso Vista'),
(1, 0, '2025-04-20 19:52:40', 'Acceso a Tienda / home', '::1', 'Acceso Vista'),
(1, 0, '2025-04-20 19:52:40', 'Acceso a Tienda / mostrar_conciertos', '::1', 'Acceso Vista'),
(1, 0, '2025-04-20 19:53:06', 'Acceso a Tienda / home', '::1', 'Acceso Vista'),
(1, 0, '2025-04-20 19:53:07', 'Acceso a Tienda / mostrar_conciertos', '::1', 'Acceso Vista'),
(1, 0, '2025-04-20 19:55:22', 'Acceso a Tienda / home', '::1', 'Acceso Vista'),
(1, 0, '2025-04-20 19:55:22', 'Acceso a Tienda / mostrar_conciertos', '::1', 'Acceso Vista'),
(1, 0, '2025-04-20 19:55:31', 'Acceso a Tienda / conciertos', '::1', 'Acceso Vista'),
(1, 0, '2025-04-20 19:57:40', 'Acceso a Tienda / conciertos', '::1', 'Acceso Vista'),
(1, 0, '2025-04-20 19:57:47', 'Acceso a Tienda / home', '::1', 'Acceso Vista'),
(1, 0, '2025-04-20 19:57:47', 'Acceso a Tienda / mostrar_conciertos', '::1', 'Acceso Vista'),
(1, 0, '2025-04-20 19:57:48', 'Acceso a Tienda / home', '::1', 'Acceso Vista'),
(1, 0, '2025-04-20 19:57:48', 'Acceso a Tienda / mostrar_conciertos', '::1', 'Acceso Vista'),
(1, 0, '2025-04-20 19:57:49', 'Acceso a Tienda / conciertos', '::1', 'Acceso Vista'),
(1, 0, '2025-04-20 19:57:52', 'Acceso a Tienda / home', '::1', 'Acceso Vista'),
(1, 0, '2025-04-20 19:57:52', 'Acceso a Tienda / mostrar_conciertos', '::1', 'Acceso Vista'),
(1, 0, '2025-04-20 19:57:54', 'Acceso a Tienda / conciertos', '::1', 'Acceso Vista'),
(1, 0, '2025-04-20 19:57:59', 'Acceso a Tienda / home', '::1', 'Acceso Vista'),
(1, 0, '2025-04-20 19:57:59', 'Acceso a Tienda / mostrar_conciertos', '::1', 'Acceso Vista'),
(1, 0, '2025-04-20 19:58:01', 'Acceso a Tienda / home', '::1', 'Acceso Vista'),
(1, 0, '2025-04-20 19:58:01', 'Acceso a Tienda / mostrar_conciertos', '::1', 'Acceso Vista'),
(1, 0, '2025-04-20 19:59:03', 'Acceso a Tienda / home', '::1', 'Acceso Vista'),
(1, 0, '2025-04-20 19:59:04', 'Acceso a Tienda / mostrar_conciertos', '::1', 'Acceso Vista'),
(1, 0, '2025-04-20 19:59:22', 'Acceso a Tienda / home', '::1', 'Acceso Vista'),
(1, 0, '2025-04-20 19:59:22', 'Acceso a Tienda / mostrar_conciertos', '::1', 'Acceso Vista'),
(1, 0, '2025-04-20 19:59:22', 'Se Produjo Un Error en los Controladores del Sistema', '::1', 'Falla Sistema'),
(1, 0, '2025-04-20 20:00:26', 'Acceso a Tienda / home', '::1', 'Acceso Vista'),
(1, 0, '2025-04-20 20:00:27', 'Acceso a Tienda / mostrar_conciertos', '::1', 'Acceso Vista'),
(1, 0, '2025-04-20 20:00:30', 'Acceso a Tienda / conciertos', '::1', 'Acceso Vista'),
(1, 0, '2025-04-20 20:00:33', 'Acceso a Tienda / home', '::1', 'Acceso Vista'),
(1, 0, '2025-04-20 20:00:33', 'Acceso a Tienda / mostrar_conciertos', '::1', 'Acceso Vista'),
(1, 0, '2025-04-20 20:00:35', 'Acceso a Tienda / conciertos', '::1', 'Acceso Vista'),
(1, 0, '2025-04-20 20:01:31', 'Acceso a Tienda / conciertos', '::1', 'Acceso Vista'),
(1, 0, '2025-04-20 20:01:47', 'Acceso a Tienda / home', '::1', 'Acceso Vista'),
(1, 0, '2025-04-20 20:01:47', 'Acceso a Tienda / mostrar_conciertos', '::1', 'Acceso Vista'),
(1, 0, '2025-04-20 20:01:50', 'Acceso a Tienda / conciertos', '::1', 'Acceso Vista'),
(1, 0, '2025-04-20 20:03:29', 'Acceso a Tienda / conciertos', '::1', 'Acceso Vista'),
(1, 0, '2025-04-20 20:03:35', 'Acceso a Tienda / home', '::1', 'Acceso Vista'),
(1, 0, '2025-04-20 20:03:35', 'Acceso a Tienda / mostrar_conciertos', '::1', 'Acceso Vista'),
(1, 0, '2025-04-20 20:03:38', 'Acceso a Tienda / conciertos', '::1', 'Acceso Vista'),
(1, 0, '2025-04-20 20:04:22', 'Acceso a Tienda / conciertos', '::1', 'Acceso Vista'),
(1, 0, '2025-04-20 20:04:26', 'Acceso a Tienda / home', '::1', 'Acceso Vista'),
(1, 0, '2025-04-20 20:04:26', 'Acceso a Tienda / mostrar_conciertos', '::1', 'Acceso Vista'),
(1, 0, '2025-04-20 20:04:30', 'Acceso a Tienda / conciertos', '::1', 'Acceso Vista'),
(1, 0, '2025-04-20 20:04:35', 'Acceso a Tienda / home', '::1', 'Acceso Vista'),
(1, 0, '2025-04-20 20:04:36', 'Acceso a Tienda / mostrar_conciertos', '::1', 'Acceso Vista'),
(1, 0, '2025-04-20 20:04:38', 'Acceso a Tienda / conciertos', '::1', 'Acceso Vista'),
(1, 0, '2025-04-20 20:05:08', 'Acceso a Tienda / conciertos', '::1', 'Acceso Vista'),
(1, 0, '2025-04-20 20:05:37', 'Acceso a Tienda / conciertos', '::1', 'Acceso Vista'),
(1, 0, '2025-04-20 20:05:46', 'Acceso a Tienda / home', '::1', 'Acceso Vista'),
(1, 0, '2025-04-20 20:05:46', 'Acceso a Tienda / mostrar_conciertos', '::1', 'Acceso Vista'),
(1, 0, '2025-04-20 20:05:48', 'Acceso a Tienda / conciertos', '::1', 'Acceso Vista'),
(1, 0, '2025-04-20 20:05:51', 'Acceso a Tienda / home', '::1', 'Acceso Vista'),
(1, 0, '2025-04-20 20:05:51', 'Acceso a Tienda / mostrar_conciertos', '::1', 'Acceso Vista'),
(1, 0, '2025-04-20 20:05:53', 'Acceso a Tienda / conciertos', '::1', 'Acceso Vista'),
(1, 0, '2025-04-20 20:05:55', 'Acceso a Tienda / home', '::1', 'Acceso Vista'),
(1, 0, '2025-04-20 20:05:55', 'Acceso a Tienda / mostrar_conciertos', '::1', 'Acceso Vista'),
(1, 0, '2025-04-20 20:05:57', 'Acceso a Tienda / conciertos', '::1', 'Acceso Vista'),
(1, 0, '2025-04-20 20:06:26', 'Acceso a Tienda / conciertos', '::1', 'Acceso Vista'),
(1, 0, '2025-04-20 20:06:28', 'Acceso a Tienda / home', '::1', 'Acceso Vista'),
(1, 0, '2025-04-20 20:06:28', 'Acceso a Tienda / mostrar_conciertos', '::1', 'Acceso Vista'),
(1, 0, '2025-04-20 20:06:33', 'Acceso a Tienda / conciertos', '::1', 'Acceso Vista'),
(1, 0, '2025-04-20 20:06:35', 'Acceso a Tienda / home', '::1', 'Acceso Vista'),
(1, 0, '2025-04-20 20:06:35', 'Acceso a Tienda / mostrar_conciertos', '::1', 'Acceso Vista'),
(1, 0, '2025-04-20 20:06:37', 'Acceso a Tienda / conciertos', '::1', 'Acceso Vista'),
(1, 0, '2025-04-20 20:06:39', 'Acceso a Tienda / home', '::1', 'Acceso Vista'),
(1, 0, '2025-04-20 20:06:40', 'Acceso a Tienda / mostrar_conciertos', '::1', 'Acceso Vista'),
(1, 0, '2025-04-20 20:06:43', 'Acceso a Tienda / conciertos', '::1', 'Acceso Vista'),
(1, 0, '2025-04-20 20:07:12', 'Acceso a Tienda / conciertos', '::1', 'Acceso Vista'),
(1, 0, '2025-04-20 20:07:15', 'Acceso a Tienda / home', '::1', 'Acceso Vista'),
(1, 0, '2025-04-20 20:07:16', 'Acceso a Tienda / mostrar_conciertos', '::1', 'Acceso Vista'),
(1, 0, '2025-04-20 20:07:20', 'Acceso a Tienda / conciertos', '::1', 'Acceso Vista'),
(1, 0, '2025-04-20 20:07:43', 'Acceso a Tienda / conciertos', '::1', 'Acceso Vista'),
(1, 0, '2025-04-20 20:07:47', 'Acceso a Tienda / home', '::1', 'Acceso Vista'),
(1, 0, '2025-04-20 20:07:48', 'Acceso a Tienda / mostrar_conciertos', '::1', 'Acceso Vista'),
(1, 0, '2025-04-20 20:07:55', 'Acceso a Tienda / conciertos', '::1', 'Acceso Vista'),
(1, 0, '2025-04-20 20:08:12', 'Acceso a Tienda / conciertos', '::1', 'Acceso Vista'),
(1, 0, '2025-04-20 20:08:15', 'Acceso a Tienda / home', '::1', 'Acceso Vista'),
(1, 0, '2025-04-20 20:08:15', 'Acceso a Tienda / mostrar_conciertos', '::1', 'Acceso Vista'),
(1, 0, '2025-04-20 20:08:19', 'Acceso a Tienda / conciertos', '::1', 'Acceso Vista'),
(1, 0, '2025-04-20 20:08:40', 'Acceso a Tienda / conciertos', '::1', 'Acceso Vista'),
(1, 0, '2025-04-20 20:08:41', 'Acceso a Tienda / home', '::1', 'Acceso Vista'),
(1, 0, '2025-04-20 20:08:41', 'Acceso a Tienda / mostrar_conciertos', '::1', 'Acceso Vista'),
(1, 0, '2025-04-20 20:08:49', 'Acceso a Tienda / conciertos', '::1', 'Acceso Vista'),
(1, 0, '2025-04-20 20:08:51', 'Acceso a Tienda / home', '::1', 'Acceso Vista'),
(1, 0, '2025-04-20 20:08:51', 'Acceso a Tienda / mostrar_conciertos', '::1', 'Acceso Vista'),
(1, 0, '2025-04-20 20:08:56', 'Acceso a Tienda / conciertos', '::1', 'Acceso Vista'),
(1, 0, '2025-04-20 20:09:12', 'Acceso a Tienda / home', '::1', 'Acceso Vista'),
(1, 0, '2025-04-20 20:09:12', 'Acceso a Tienda / mostrar_conciertos', '::1', 'Acceso Vista'),
(1, 0, '2025-04-20 20:09:17', 'Acceso a Tienda / conciertos', '::1', 'Acceso Vista'),
(1, 0, '2025-04-20 20:09:19', 'Acceso a Tienda / home', '::1', 'Acceso Vista'),
(1, 0, '2025-04-20 20:09:19', 'Acceso a Tienda / mostrar_conciertos', '::1', 'Acceso Vista'),
(1, 0, '2025-04-20 20:09:21', 'Acceso a Tienda / conciertos', '::1', 'Acceso Vista'),
(1, 0, '2025-04-20 20:10:20', 'Acceso a Tienda / conciertos', '::1', 'Acceso Vista'),
(1, 0, '2025-04-20 20:10:23', 'Acceso a Tienda / home', '::1', 'Acceso Vista'),
(1, 0, '2025-04-20 20:10:23', 'Acceso a Tienda / mostrar_conciertos', '::1', 'Acceso Vista'),
(1, 0, '2025-04-20 20:10:25', 'Acceso a Tienda / mostrar_conciertos', '::1', 'Acceso Vista'),
(1, 0, '2025-04-20 20:10:33', 'Acceso a Tienda / conciertos', '::1', 'Acceso Vista'),
(1, 0, '2025-04-20 20:10:55', 'Acceso a Tienda / home', '::1', 'Acceso Vista'),
(1, 0, '2025-04-20 20:10:55', 'Acceso a Tienda / mostrar_conciertos', '::1', 'Acceso Vista'),
(1, 0, '2025-04-20 20:10:57', 'Acceso a Tienda / mostrar_conciertos', '::1', 'Acceso Vista'),
(1, 0, '2025-04-20 20:11:00', 'Acceso a Tienda / conciertos', '::1', 'Acceso Vista'),
(1, 0, '2025-04-20 20:11:02', 'Acceso a Tienda / home', '::1', 'Acceso Vista'),
(1, 0, '2025-04-20 20:11:02', 'Acceso a Tienda / mostrar_conciertos', '::1', 'Acceso Vista'),
(1, 0, '2025-04-20 20:11:06', 'Acceso a Tienda / mostrar_conciertos', '::1', 'Acceso Vista'),
(1, 0, '2025-04-20 20:11:11', 'Acceso a Tienda / conciertos', '::1', 'Acceso Vista'),
(1, 0, '2025-04-20 20:11:33', 'Acceso a Tienda / conciertos', '::1', 'Acceso Vista'),
(1, 0, '2025-04-20 20:11:35', 'Acceso a Tienda / home', '::1', 'Acceso Vista'),
(1, 0, '2025-04-20 20:11:35', 'Acceso a Tienda / mostrar_conciertos', '::1', 'Acceso Vista'),
(1, 0, '2025-04-20 20:11:38', 'Acceso a Tienda / mostrar_conciertos', '::1', 'Acceso Vista'),
(1, 0, '2025-04-20 20:11:44', 'Acceso a Tienda / conciertos', '::1', 'Acceso Vista'),
(1, 0, '2025-04-20 20:11:46', 'Acceso a Tienda / home', '::1', 'Acceso Vista'),
(1, 0, '2025-04-20 20:11:46', 'Acceso a Tienda / mostrar_conciertos', '::1', 'Acceso Vista'),
(1, 0, '2025-04-20 20:11:49', 'Acceso a Tienda / mostrar_conciertos', '::1', 'Acceso Vista'),
(1, 0, '2025-04-20 20:11:56', 'Acceso a Tienda / conciertos', '::1', 'Acceso Vista'),
(1, 0, '2025-04-20 20:12:03', 'Acceso a Tienda / home', '::1', 'Acceso Vista'),
(1, 0, '2025-04-20 20:12:03', 'Acceso a Tienda / mostrar_conciertos', '::1', 'Acceso Vista'),
(1, 0, '2025-04-20 20:12:05', 'Acceso a Tienda / mostrar_conciertos', '::1', 'Acceso Vista'),
(1, 0, '2025-04-20 20:12:08', 'Acceso a Tienda / conciertos', '::1', 'Acceso Vista'),
(1, 0, '2025-04-20 20:12:18', 'Acceso a Tienda / home', '::1', 'Acceso Vista'),
(1, 0, '2025-04-20 20:12:19', 'Acceso a Tienda / mostrar_conciertos', '::1', 'Acceso Vista'),
(1, 0, '2025-04-20 20:12:21', 'Acceso a Tienda / home', '::1', 'Acceso Vista'),
(1, 0, '2025-04-20 20:12:22', 'Acceso a Tienda / mostrar_conciertos', '::1', 'Acceso Vista'),
(1, 0, '2025-04-20 20:12:32', 'LogOut Usuario tedy', '::1', 'Cierre de Sesion'),
(1, 0, '2025-04-20 20:16:05', 'Acceso a Tienda / bienvenida', '::1', 'Acceso Vista'),
(1, 0, '2025-04-20 20:16:12', 'Acceso a Tienda / home', '::1', 'Acceso Vista'),
(1, 0, '2025-04-20 20:16:12', 'Acceso a Tienda / mostrar_conciertos', '::1', 'Acceso Vista'),
(1, 0, '2025-04-20 20:16:29', 'Acceso a Tienda / conciertos', '::1', 'Acceso Vista'),
(1, 0, '2025-04-20 20:16:31', 'Acceso a Tienda / home', '::1', 'Acceso Vista'),
(1, 0, '2025-04-20 20:16:31', 'Acceso a Tienda / mostrar_conciertos', '::1', 'Acceso Vista'),
(1, 0, '2025-04-20 20:16:54', 'Acceso a Tienda / conciertos', '::1', 'Acceso Vista'),
(1, 0, '2025-04-20 20:17:45', 'Acceso a Tienda / cart_full', '::1', 'Acceso Vista'),
(1, 0, '2025-04-20 20:18:14', 'Acceso a Tienda / proceder_pago', '::1', 'Acceso Vista'),
(1, 0, '2025-04-20 20:18:32', 'Acceso a Tienda / editar_perfil', '::1', 'Acceso Vista'),
(1, 0, '2025-04-20 20:18:48', 'Acceso a Tienda / editar_usuario', '::1', 'Acceso Vista'),
(1, 0, '2025-04-20 20:19:01', 'Acceso a Tienda / cart_full', '::1', 'Acceso Vista'),
(1, 0, '2025-04-20 20:19:04', 'Acceso a Tienda / proceder_pago', '::1', 'Acceso Vista'),
(1, 0, '2025-04-20 20:19:23', 'Acceso a Tienda / guardar_editar_comprar_entradas', '::1', 'Acceso Vista'),
(1, 0, '2025-04-20 20:19:23', 'Acceso a Tienda / exito', '::1', 'Acceso Vista'),
(1, 0, '2025-04-20 20:19:29', 'Acceso a Tienda / mis_boletos', '::1', 'Acceso Vista'),
(1, 0, '2025-04-20 20:19:52', 'Acceso a Tienda / home', '::1', 'Acceso Vista'),
(1, 0, '2025-04-20 20:19:52', 'Acceso a Tienda / mostrar_conciertos', '::1', 'Acceso Vista'),
(1, 0, '2025-04-20 20:20:07', 'Acceso a Tienda / mis_boletos', '::1', 'Acceso Vista'),
(1, 0, '2025-04-20 20:20:11', 'Acceso a Tienda / home', '::1', 'Acceso Vista'),
(1, 0, '2025-04-20 20:20:11', 'Acceso a Tienda / mostrar_conciertos', '::1', 'Acceso Vista'),
(1, 0, '2025-04-20 20:20:19', 'Acceso a Tienda / home', '::1', 'Acceso Vista'),
(1, 0, '2025-04-20 20:20:19', 'Acceso a Tienda / mostrar_conciertos', '::1', 'Acceso Vista'),
(1, 0, '2025-04-20 20:20:42', 'Acceso a Tienda / conciertos', '::1', 'Acceso Vista'),
(1, 0, '2025-04-20 20:21:49', 'Acceso a Tienda / conciertos', '::1', 'Acceso Vista'),
(1, 0, '2025-04-20 20:22:07', 'Acceso a Tienda / home', '::1', 'Acceso Vista'),
(1, 0, '2025-04-20 20:22:08', 'Acceso a Tienda / mostrar_conciertos', '::1', 'Acceso Vista'),
(1, 0, '2025-04-20 20:22:22', 'Acceso a Tienda / conciertos', '::1', 'Acceso Vista'),
(1, 0, '2025-04-20 20:23:23', 'Acceso a Tienda / cart_full', '::1', 'Acceso Vista'),
(1, 0, '2025-04-20 20:23:33', 'Acceso a Tienda / home', '::1', 'Acceso Vista'),
(1, 0, '2025-04-20 20:23:34', 'Acceso a Tienda / mostrar_conciertos', '::1', 'Acceso Vista'),
(1, 0, '2025-04-25 11:34:20', 'Inicio Sesion admin', '::1', 'Inicio Sesion'),
(1, 0, '2025-04-25 11:34:20', 'Se Produjo Un Error en los Controladores del Sistema', '::1', 'Falla Sistema'),
(1, 0, '2025-04-25 11:34:23', 'Se Produjo Un Error en los Controladores del Sistema', '::1', 'Falla Sistema'),
(1, 0, '2025-04-25 11:34:25', 'Se Produjo Un Error en los Controladores del Sistema', '::1', 'Falla Sistema'),
(1, 0, '2025-04-25 11:34:27', 'Se Produjo Un Error en los Controladores del Sistema', '::1', 'Falla Sistema'),
(1, 0, '2025-04-25 11:34:28', 'Se Produjo Un Error en los Controladores del Sistema', '::1', 'Falla Sistema'),
(1, 0, '2025-04-25 11:35:06', 'Se Produjo Un Error en los Controladores del Sistema', '::1', 'Falla Sistema'),
(1, 0, '2025-04-25 11:35:07', 'Se Produjo Un Error en los Controladores del Sistema', '::1', 'Falla Sistema'),
(1, 0, '2025-04-25 11:35:33', 'Se Produjo Un Error en los Controladores del Sistema', '::1', 'Falla Sistema'),
(1, 0, '2025-04-25 11:36:09', 'Inicio Sesion admin', '::1', 'Inicio Sesion'),
(1, 0, '2025-04-25 11:36:09', 'Acceso a Tienda / home', '::1', 'Acceso Vista'),
(1, 0, '2025-04-25 11:36:10', 'Acceso a Tienda / mostrar_conciertos', '::1', 'Acceso Vista'),
(1, 0, '2025-04-25 11:37:10', 'Acceso a Tienda / home', '::1', 'Acceso Vista'),
(1, 0, '2025-04-25 11:37:10', 'Acceso a Tienda / mostrar_conciertos', '::1', 'Acceso Vista'),
(1, 0, '2025-04-25 11:37:13', 'LogOut Usuario admin', '::1', 'Cierre de Sesion'),
(1, 0, '2025-04-25 11:37:20', 'Inicio Sesion admin', '::1', 'Inicio Sesion'),
(1, 0, '2025-04-25 11:37:20', 'Se Produjo Un Error en los Controladores del Sistema', '::1', 'Falla Sistema'),
(1, 0, '2025-04-25 11:38:16', 'Se Produjo Un Error en los Controladores del Sistema', '::1', 'Falla Sistema'),
(1, 0, '2025-04-25 11:38:31', 'Acceso a Admin / dashboard', '::1', 'Acceso Vista'),
(1, 0, '2025-04-25 11:38:40', 'Acceso a Admin / dashboard', '::1', 'Acceso Vista'),
(1, 0, '2025-04-25 11:43:34', 'Acceso a Admin / dashboard', '::1', 'Acceso Vista'),
(1, 0, '2025-04-25 11:45:02', 'Acceso a Admin / dashboard', '::1', 'Acceso Vista'),
(1, 0, '2025-04-25 11:45:27', 'Acceso a Admin / dashboard', '::1', 'Acceso Vista'),
(1, 0, '2025-04-25 11:55:13', 'Se Produjo Un Error en los Controladores del Sistema', '::1', 'Falla Sistema'),
(1, 0, '2025-04-25 11:57:12', 'Inicio Sesion admin', '::1', 'Inicio Sesion'),
(1, 0, '2025-04-25 11:57:12', 'Se Produjo Un Error en los Controladores del Sistema', '::1', 'Falla Sistema'),
(1, 0, '2025-04-25 11:57:16', 'Acceso a Admin / dashboard', '::1', 'Acceso Vista'),
(1, 0, '2025-04-25 11:57:28', 'Acceso a Admin / dashboard', '::1', 'Acceso Vista'),
(1, 0, '2025-04-25 11:57:37', 'Acceso a Admin / dashboard', '::1', 'Acceso Vista'),
(1, 0, '2025-04-25 11:58:15', 'Acceso a Admin / dashboard', '::1', 'Acceso Vista'),
(1, 0, '2025-04-25 11:58:21', 'Acceso a Admin / dashboard', '::1', 'Acceso Vista'),
(1, 0, '2025-04-25 11:58:24', 'Acceso a Admin / dashboard', '::1', 'Acceso Vista'),
(1, 0, '2025-04-25 11:58:33', 'Acceso a Admin / dashboard', '::1', 'Acceso Vista'),
(1, 0, '2025-04-25 11:59:11', 'Acceso a Admin / dashboard', '::1', 'Acceso Vista'),
(1, 0, '2025-04-25 11:59:38', 'Acceso a Admin / dashboard', '::1', 'Acceso Vista'),
(1, 0, '2025-04-25 12:00:02', 'Acceso a Admin / dashboard', '::1', 'Acceso Vista'),
(1, 0, '2025-04-25 12:00:27', 'Acceso a Admin / dashboard', '::1', 'Acceso Vista'),
(1, 0, '2025-04-25 12:00:37', 'Acceso a Admin / dashboard', '::1', 'Acceso Vista'),
(1, 0, '2025-04-25 12:00:49', 'Acceso a Admin / dashboard', '::1', 'Acceso Vista'),
(1, 0, '2025-04-25 12:01:11', 'Acceso a Admin / dashboard', '::1', 'Acceso Vista'),
(1, 0, '2025-04-25 12:01:22', 'Acceso a Admin / dashboard', '::1', 'Acceso Vista'),
(1, 0, '2025-04-25 12:01:38', 'Acceso a Admin / dashboard', '::1', 'Acceso Vista'),
(1, 0, '2025-04-25 12:02:45', 'Acceso a Admin / dashboard', '::1', 'Acceso Vista'),
(1, 0, '2025-04-25 12:04:34', 'Acceso a Admin / dashboard', '::1', 'Acceso Vista'),
(1, 0, '2025-04-25 12:05:14', 'Acceso a Admin / dashboard', '::1', 'Acceso Vista'),
(1, 0, '2025-04-25 12:05:19', 'Acceso a Admin / dashboard', '::1', 'Acceso Vista'),
(1, 0, '2025-04-25 12:05:31', 'Acceso a Admin / dashboard', '::1', 'Acceso Vista'),
(1, 0, '2025-04-25 12:07:06', 'Acceso a Admin / dashboard', '::1', 'Acceso Vista'),
(1, 0, '2025-04-25 12:07:08', 'Acceso a FileManager / mostrar', '::1', 'Acceso Vista'),
(1, 0, '2025-04-25 12:07:30', 'Acceso a Admin / dashboard', '::1', 'Acceso Vista'),
(1, 0, '2025-04-25 12:09:51', 'Acceso a Admin / dashboard', '::1', 'Acceso Vista'),
(1, 0, '2025-04-25 12:12:31', 'Acceso a Admin / dashboard', '::1', 'Acceso Vista'),
(1, 0, '2025-04-25 12:12:36', 'Acceso a Admin / dashboard', '::1', 'Acceso Vista'),
(1, 0, '2025-04-25 12:12:39', 'Se Produjo Un Error en los Controladores del Sistema', '::1', 'Falla Sistema'),
(1, 0, '2025-04-25 12:13:17', 'Acceso a Admin / dashboard', '::1', 'Acceso Vista'),
(1, 0, '2025-04-25 12:14:24', 'Acceso a Admin / dashboard', '::1', 'Acceso Vista'),
(1, 0, '2025-04-25 12:14:27', 'Acceso a Modulos / mostrar', '::1', 'Acceso Vista'),
(1, 0, '2025-04-25 12:14:31', 'Acceso a Modulos / mostrar', '::1', 'Acceso Vista'),
(1, 0, '2025-04-25 12:14:31', 'Acceso a Modulos / mostrar', '::1', 'Acceso Vista'),
(1, 0, '2025-04-25 12:14:34', 'Acceso a Modulos / mostrar', '::1', 'Acceso Vista'),
(1, 0, '2025-04-25 12:14:34', 'Acceso a Modulos / mostrar', '::1', 'Acceso Vista'),
(1, 0, '2025-04-25 12:14:50', 'Acceso a Modulos / mostrar', '::1', 'Acceso Vista'),
(1, 0, '2025-04-25 12:14:59', 'Acceso a Admin / dashboard', '::1', 'Acceso Vista'),
(1, 0, '2025-04-25 12:15:03', 'Acceso a Modulos / mostrar', '::1', 'Acceso Vista'),
(1, 0, '2025-04-25 12:15:09', 'Acceso a Admin / dashboard', '::1', 'Acceso Vista'),
(1, 0, '2025-04-25 12:15:29', 'Acceso a Admin / dashboard', '::1', 'Acceso Vista'),
(1, 0, '2025-04-25 12:15:31', 'Acceso a Modulos / mostrar', '::1', 'Acceso Vista'),
(1, 0, '2025-04-25 12:15:55', 'Acceso a Modulos / mostrar', '::1', 'Acceso Vista'),
(1, 0, '2025-04-25 12:16:12', 'Acceso a Modulos / mostrar', '::1', 'Acceso Vista'),
(1, 0, '2025-04-25 12:16:12', 'Acceso a Modulos / mostrar', '::1', 'Acceso Vista'),
(1, 0, '2025-04-25 12:16:36', 'Acceso a Modulos / mostrar', '::1', 'Acceso Vista'),
(1, 0, '2025-04-25 12:19:21', 'Acceso a Modulos / mostrar', '::1', 'Acceso Vista'),
(1, 0, '2025-04-25 12:19:45', 'Acceso a Modulos / mostrar', '::1', 'Acceso Vista'),
(1, 0, '2025-04-25 12:19:56', 'Acceso a Modulos / mostrar', '::1', 'Acceso Vista'),
(1, 0, '2025-04-25 12:21:26', 'Acceso a Modulos / mostrar', '::1', 'Acceso Vista'),
(1, 0, '2025-04-25 12:21:39', 'Acceso a Modulos / mostrar', '::1', 'Acceso Vista'),
(1, 0, '2025-04-25 12:22:03', 'Acceso a Modulos / mostrar', '::1', 'Acceso Vista'),
(1, 0, '2025-04-25 12:22:31', 'Acceso a Rol / mostrar', '::1', 'Acceso Vista'),
(1, 0, '2025-04-25 12:22:33', 'Acceso a Rol / mostrar', '::1', 'Acceso Vista'),
(1, 0, '2025-04-25 12:22:36', 'Acceso a Usuario / mostrar', '::1', 'Acceso Vista'),
(1, 0, '2025-04-25 12:23:34', 'Acceso a Rol / mostrar', '::1', 'Acceso Vista'),
(1, 0, '2025-04-25 12:23:38', 'Acceso a Rol / mostrar', '::1', 'Acceso Vista'),
(1, 0, '2025-04-25 12:23:42', 'Acceso a Usuario / mostrar', '::1', 'Acceso Vista'),
(1, 0, '2025-04-25 12:23:56', 'Se Produjo Un Error en los Controladores del Sistema', '::1', 'Falla Sistema'),
(1, 0, '2025-04-25 12:27:52', 'Inicio Sesion admin', '::1', 'Inicio Sesion'),
(1, 0, '2025-04-25 12:27:52', 'Se Produjo Un Error en los Controladores del Sistema', '::1', 'Falla Sistema'),
(1, 0, '2025-04-25 12:27:57', 'Acceso a Admin / dashboard', '::1', 'Acceso Vista'),
(1, 0, '2025-04-25 12:28:00', 'Acceso a Rol / mostrar', '::1', 'Acceso Vista'),
(1, 0, '2025-04-25 12:28:03', 'Acceso a Usuario / mostrar', '::1', 'Acceso Vista'),
(1, 0, '2025-04-25 12:28:05', 'Acceso a Modulos / mostrar', '::1', 'Acceso Vista'),
(1, 0, '2025-04-25 12:28:09', 'Acceso a Admin / dashboard', '::1', 'Acceso Vista'),
(1, 0, '2025-04-25 12:28:10', 'Acceso a Modulos / mostrar', '::1', 'Acceso Vista'),
(1, 0, '2025-04-25 12:28:12', 'Acceso a Admin / dashboard', '::1', 'Acceso Vista'),
(1, 0, '2025-04-25 12:28:14', 'Acceso a Modulos / mostrar', '::1', 'Acceso Vista'),
(1, 0, '2025-04-25 12:28:34', 'Acceso a Modulos / mostrar', '::1', 'Acceso Vista'),
(1, 0, '2025-04-25 12:28:55', 'Acceso a Modulos / mostrar', '::1', 'Acceso Vista'),
(1, 0, '2025-04-25 12:29:03', 'Acceso a Modulos / mostrar', '::1', 'Acceso Vista'),
(1, 0, '2025-04-25 12:29:15', 'Acceso a Modulos / mostrar', '::1', 'Acceso Vista'),
(1, 0, '2025-04-25 12:29:28', 'Acceso a Modulos / mostrar', '::1', 'Acceso Vista'),
(1, 0, '2025-04-25 12:29:28', 'Acceso a Modulos / mostrar', '::1', 'Acceso Vista'),
(1, 0, '2025-04-25 12:29:35', 'Acceso a Modulos / mostrar', '::1', 'Acceso Vista'),
(1, 0, '2025-04-25 12:29:35', 'Acceso a Modulos / mostrar', '::1', 'Acceso Vista'),
(1, 0, '2025-04-25 12:29:42', 'Acceso a Rol / mostrar', '::1', 'Acceso Vista'),
(1, 0, '2025-04-25 12:29:48', 'Acceso a Modulos / mostrar', '::1', 'Acceso Vista'),
(1, 0, '2025-04-25 12:30:39', 'Acceso a Modulos / mostrar', '::1', 'Acceso Vista'),
(1, 0, '2025-04-25 12:30:56', 'Acceso a Modulos / mostrar', '::1', 'Acceso Vista'),
(1, 0, '2025-04-25 12:31:10', 'Acceso a Modulos / mostrar', '::1', 'Acceso Vista'),
(1, 0, '2025-04-25 12:31:12', 'Acceso a Rol / mostrar', '::1', 'Acceso Vista'),
(1, 0, '2025-04-25 12:31:17', 'Acceso a Modulos / mostrar', '::1', 'Acceso Vista'),
(1, 0, '2025-04-25 12:31:47', 'Acceso a Modulos / mostrar', '::1', 'Acceso Vista'),
(1, 0, '2025-04-25 12:31:54', 'Acceso a Modulos / mostrar', '::1', 'Acceso Vista'),
(1, 0, '2025-04-25 12:32:22', 'Acceso a Modulos / mostrar', '::1', 'Acceso Vista'),
(1, 0, '2025-04-25 12:33:04', 'Acceso a Modulos / mostrar', '::1', 'Acceso Vista'),
(1, 0, '2025-04-25 12:33:05', 'Acceso a Modulos / mostrar_modulos', '::1', 'Acceso Vista'),
(1, 0, '2025-04-25 12:33:09', 'Acceso a Modulos / mostrar', '::1', 'Acceso Vista'),
(1, 0, '2025-04-25 12:33:09', 'Acceso a Modulos / mostrar_modulos', '::1', 'Acceso Vista'),
(1, 0, '2025-04-25 12:33:16', 'Acceso a Modulos / mostrar', '::1', 'Acceso Vista'),
(1, 0, '2025-04-25 12:33:16', 'Acceso a Modulos / mostrar_modulos', '::1', 'Acceso Vista'),
(1, 0, '2025-04-25 12:34:32', 'Acceso a Modulos / mostrar', '::1', 'Acceso Vista'),
(1, 0, '2025-04-25 12:34:33', 'Acceso a Modulos / mostrar_modulos', '::1', 'Acceso Vista'),
(1, 0, '2025-04-25 12:34:39', 'Acceso a Modulos / mostrar', '::1', 'Acceso Vista'),
(1, 0, '2025-04-25 12:34:39', 'Acceso a Modulos / mostrar_modulos', '::1', 'Acceso Vista'),
(1, 0, '2025-04-25 12:35:19', 'Acceso a Modulos / mostrar', '::1', 'Acceso Vista'),
(1, 0, '2025-04-25 12:35:19', 'Acceso a Modulos / mostrar_modulos', '::1', 'Acceso Vista'),
(1, 0, '2025-04-25 12:36:25', 'Acceso a Modulos / mostrar', '::1', 'Acceso Vista'),
(1, 0, '2025-04-25 12:36:26', 'Acceso a Modulos / mostrar_modulos', '::1', 'Acceso Vista'),
(1, 0, '2025-04-25 12:36:29', 'Acceso a Admin / dashboard', '::1', 'Acceso Vista'),
(1, 0, '2025-04-25 12:36:31', 'Acceso a Modulos / mostrar', '::1', 'Acceso Vista'),
(1, 0, '2025-04-25 12:36:31', 'Acceso a Modulos / mostrar_modulos', '::1', 'Acceso Vista'),
(1, 0, '2025-04-25 12:36:34', 'Acceso a Modulos / mostrar_opciones_x_modulos', '::1', 'Acceso Vista'),
(1, 0, '2025-04-25 12:36:40', 'Acceso a Admin / dashboard', '::1', 'Acceso Vista'),
(1, 0, '2025-04-25 12:37:23', 'Acceso a Admin / dashboard', '::1', 'Acceso Vista'),
(1, 0, '2025-04-25 12:37:42', 'Acceso a Admin / dashboard', '::1', 'Acceso Vista'),
(1, 0, '2025-04-25 12:38:01', 'Acceso a Admin / dashboard', '::1', 'Acceso Vista'),
(1, 0, '2025-04-25 12:38:06', 'Acceso a Admin / dashboard', '::1', 'Acceso Vista'),
(1, 0, '2025-04-25 12:38:19', 'Acceso a Admin / dashboard', '::1', 'Acceso Vista'),
(1, 0, '2025-04-25 12:38:24', 'Acceso a Admin / dashboard', '::1', 'Acceso Vista'),
(1, 0, '2025-04-25 12:38:54', 'Acceso a Admin / dashboard', '::1', 'Acceso Vista'),
(1, 0, '2025-04-25 12:39:31', 'Acceso a Admin / dashboard', '::1', 'Acceso Vista'),
(1, 0, '2025-04-25 12:39:45', 'Acceso a Admin / dashboard', '::1', 'Acceso Vista'),
(1, 0, '2025-04-25 12:39:56', 'Acceso a Admin / dashboard', '::1', 'Acceso Vista'),
(1, 0, '2025-04-25 12:40:06', 'Acceso a Admin / dashboard', '::1', 'Acceso Vista'),
(1, 0, '2025-04-25 12:40:12', 'Acceso a Admin / dashboard', '::1', 'Acceso Vista'),
(1, 0, '2025-04-25 12:40:57', 'Acceso a Admin / dashboard', '::1', 'Acceso Vista'),
(1, 0, '2025-04-25 12:41:00', 'Acceso a Admin / dashboard', '::1', 'Acceso Vista'),
(1, 0, '2025-04-25 12:41:03', 'Acceso a Admin / dashboard', '::1', 'Acceso Vista'),
(1, 0, '2025-04-25 12:41:07', 'Acceso a Admin / dashboard', '::1', 'Acceso Vista'),
(1, 0, '2025-04-25 12:41:12', 'Acceso a Admin / dashboard', '::1', 'Acceso Vista'),
(1, 0, '2025-04-25 12:41:49', 'Acceso a Admin / dashboard', '::1', 'Acceso Vista'),
(1, 0, '2025-04-25 12:41:51', 'Acceso a Admin / dashboard', '::1', 'Acceso Vista'),
(1, 0, '2025-04-25 13:33:08', 'Acceso a Admin / dashboard', '::1', 'Acceso Vista'),
(1, 0, '2025-04-25 13:37:04', 'Acceso a Modulos / mostrar', '::1', 'Acceso Vista'),
(1, 0, '2025-04-25 13:37:04', 'Acceso a Modulos / mostrar_modulos', '::1', 'Acceso Vista'),
(1, 0, '2025-04-25 13:38:02', 'Insertó Modulo con', '::1', 'ok'),
(1, 0, '2025-04-25 13:38:02', 'Acceso a Modulos / guardar_editar_modulo', '::1', 'Acceso Vista'),
(1, 0, '2025-04-25 13:38:02', 'Acceso a Modulos / mostrar_modulos', '::1', 'Acceso Vista'),
(1, 0, '2025-04-25 13:38:08', 'Editó Modulo con ID:6', '::1', 'ok'),
(1, 0, '2025-04-25 13:38:08', 'Acceso a Modulos / guardar_editar_modulo', '::1', 'Acceso Vista'),
(1, 0, '2025-04-25 13:38:08', 'Acceso a Modulos / mostrar_modulos', '::1', 'Acceso Vista'),
(1, 0, '2025-04-25 13:38:59', 'Acceso a Modulos / mostrar_opciones_x_modulos', '::1', 'Acceso Vista'),
(1, 0, '2025-04-25 13:39:18', 'Insertó Opcion con', '::1', 'error'),
(1, 0, '2025-04-25 13:39:18', 'Acceso a Modulos / guardar_editar_opcion', '::1', 'Acceso Vista'),
(1, 0, '2025-04-25 13:39:18', 'Acceso a Modulos / mostrar_opciones_x_modulos', '::1', 'Acceso Vista'),
(1, 0, '2025-04-25 13:39:49', 'Acceso a Modulos / mostrar', '::1', 'Acceso Vista'),
(1, 0, '2025-04-25 13:39:49', 'Acceso a Modulos / mostrar_modulos', '::1', 'Acceso Vista'),
(1, 0, '2025-04-25 13:39:55', 'Acceso a Modulos / mostrar_opciones_x_modulos', '::1', 'Acceso Vista'),
(1, 0, '2025-04-25 13:39:58', 'Editó Modulo con ID:6', '::1', 'ok'),
(1, 0, '2025-04-25 13:39:58', 'Acceso a Modulos / guardar_editar_modulo', '::1', 'Acceso Vista'),
(1, 0, '2025-04-25 13:39:58', 'Acceso a Modulos / mostrar_modulos', '::1', 'Acceso Vista'),
(1, 0, '2025-04-25 13:40:00', 'Acceso a Modulos / mostrar', '::1', 'Acceso Vista'),
(1, 0, '2025-04-25 13:40:00', 'Acceso a Modulos / mostrar_modulos', '::1', 'Acceso Vista'),
(1, 0, '2025-04-25 13:40:02', 'Se Produjo Un Error en los Controladores del Sistema', '::1', 'Falla Sistema'),
(1, 0, '2025-04-25 13:40:03', 'Acceso a Modulos / mostrar', '::1', 'Acceso Vista'),
(1, 0, '2025-04-25 13:40:03', 'Acceso a Modulos / mostrar_modulos', '::1', 'Acceso Vista'),
(1, 0, '2025-04-25 13:40:04', 'Se Produjo Un Error en los Controladores del Sistema', '::1', 'Falla Sistema'),
(1, 0, '2025-04-25 13:40:05', 'Acceso a Modulos / mostrar', '::1', 'Acceso Vista'),
(1, 0, '2025-04-25 13:40:05', 'Acceso a Modulos / mostrar_modulos', '::1', 'Acceso Vista'),
(1, 0, '2025-04-25 13:40:07', 'Cambio orden Modulos', '::1', 'ok'),
(1, 0, '2025-04-25 13:40:07', 'Acceso a Modulos / cambiar_orden_modulos', '::1', 'Acceso Vista'),
(1, 0, '2025-04-25 13:40:08', 'Acceso a Modulos / mostrar', '::1', 'Acceso Vista'),
(1, 0, '2025-04-25 13:40:08', 'Acceso a Modulos / mostrar_modulos', '::1', 'Acceso Vista'),
(1, 0, '2025-04-25 13:42:58', 'Acceso a Modulos / mostrar', '::1', 'Acceso Vista'),
(1, 0, '2025-04-25 13:42:58', 'Acceso a Modulos / mostrar_modulos', '::1', 'Acceso Vista'),
(1, 0, '2025-04-25 13:44:24', 'Acceso a Categoria / mostrar', '::1', 'Acceso Vista'),
(1, 0, '2025-04-25 13:44:24', 'Acceso a Categoria / listar', '::1', 'Acceso Vista'),
(1, 0, '2025-04-25 13:48:12', 'Categoria Desactivado con ID: 5', '::1', 'Desactivado'),
(1, 0, '2025-04-25 13:48:12', 'Acceso a Categoria / activar_desactivar', '::1', 'Acceso Vista'),
(1, 0, '2025-04-25 13:48:12', 'Acceso a Categoria / listar', '::1', 'Acceso Vista'),
(1, 0, '2025-04-25 13:48:15', 'Categoria activado con ID: 5', '::1', 'Activado'),
(1, 0, '2025-04-25 13:48:15', 'Acceso a Categoria / activar_desactivar', '::1', 'Acceso Vista'),
(1, 0, '2025-04-25 13:48:15', 'Acceso a Categoria / listar', '::1', 'Acceso Vista'),
(1, 0, '2025-04-25 13:48:17', 'Acceso a Categoria / mostrar', '::1', 'Acceso Vista'),
(1, 0, '2025-04-25 13:48:17', 'Acceso a Categoria / listar', '::1', 'Acceso Vista'),
(1, 0, '2025-04-25 13:55:11', 'Acceso a Usuario / mostrar', '::1', 'Acceso Vista'),
(1, 0, '2025-04-25 13:55:11', 'Acceso a Usuario / seleccionar_rol', '::1', 'Acceso Vista'),
(1, 0, '2025-04-25 13:55:11', 'Acceso a Usuario / listar', '::1', 'Acceso Vista'),
(1, 0, '2025-04-25 13:57:11', 'Acceso a Usuario / mostrar', '::1', 'Acceso Vista'),
(1, 0, '2025-04-25 13:57:11', 'Acceso a Usuario / seleccionar_rol', '::1', 'Acceso Vista'),
(1, 0, '2025-04-25 13:57:11', 'Acceso a Usuario / listar', '::1', 'Acceso Vista'),
(1, 0, '2025-04-25 13:57:13', 'Acceso a Categoria / mostrar', '::1', 'Acceso Vista'),
(1, 0, '2025-04-25 13:57:13', 'Acceso a Categoria / listar', '::1', 'Acceso Vista'),
(1, 0, '2025-04-25 13:57:30', 'Acceso a Categoria / mostrar', '::1', 'Acceso Vista'),
(1, 0, '2025-04-25 13:57:30', 'Acceso a Categoria / listar', '::1', 'Acceso Vista'),
(1, 0, '2025-04-25 13:59:17', 'Acceso a Categoria / mostrar', '::1', 'Acceso Vista'),
(1, 0, '2025-04-25 13:59:17', 'Acceso a Categoria / listar', '::1', 'Acceso Vista'),
(1, 0, '2025-04-25 13:59:20', 'Acceso a Categoria / mostrar', '::1', 'Acceso Vista'),
(1, 0, '2025-04-25 13:59:20', 'Acceso a Categoria / mostrar', '::1', 'Acceso Vista'),
(1, 0, '2025-04-25 13:59:21', 'Acceso a Categoria / listar', '::1', 'Acceso Vista'),
(1, 0, '2025-04-25 13:59:28', 'Acceso a Categoria / mostrar', '::1', 'Acceso Vista'),
(1, 0, '2025-04-25 13:59:29', 'Acceso a Categoria / listar', '::1', 'Acceso Vista'),
(1, 0, '2025-04-25 14:00:27', 'Acceso a Categoria / mostrar', '::1', 'Acceso Vista'),
(1, 0, '2025-04-25 14:00:28', 'Acceso a Categoria / listar', '::1', 'Acceso Vista'),
(1, 0, '2025-04-25 14:07:51', 'Acceso a Categoria / mostrar', '::1', 'Acceso Vista'),
(1, 0, '2025-04-25 14:07:52', 'Acceso a Categoria / listar', '::1', 'Acceso Vista'),
(1, 0, '2025-04-25 14:08:01', 'Acceso a Categoria / mostrar', '::1', 'Acceso Vista'),
(1, 0, '2025-04-25 14:08:02', 'Acceso a Categoria / listar', '::1', 'Acceso Vista'),
(1, 0, '2025-04-25 14:08:29', 'Acceso a Categoria / mostrar', '::1', 'Acceso Vista'),
(1, 0, '2025-04-25 14:08:29', 'Acceso a Categoria / listar', '::1', 'Acceso Vista'),
(1, 0, '2025-04-25 14:09:04', 'Acceso a Categoria / mostrar', '::1', 'Acceso Vista'),
(1, 0, '2025-04-25 14:09:04', 'Acceso a Categoria / listar', '::1', 'Acceso Vista'),
(1, 0, '2025-04-25 14:16:30', 'Acceso a Categoria / mostrar', '::1', 'Acceso Vista'),
(1, 0, '2025-04-25 14:16:31', 'Acceso a Categoria / listar', '::1', 'Acceso Vista'),
(1, 0, '2025-04-25 14:17:53', 'Acceso a Categoria / mostrar', '::1', 'Acceso Vista'),
(1, 0, '2025-04-25 14:17:53', 'Acceso a Categoria / listar', '::1', 'Acceso Vista'),
(1, 0, '2025-04-25 14:18:04', 'Acceso a Categoria / mostrar', '::1', 'Acceso Vista'),
(1, 0, '2025-04-25 14:18:05', 'Acceso a Categoria / listar', '::1', 'Acceso Vista'),
(1, 0, '2025-04-25 14:19:59', 'Acceso a Categoria / mostrar', '::1', 'Acceso Vista'),
(1, 0, '2025-04-25 14:19:59', 'Acceso a Categoria / listar', '::1', 'Acceso Vista'),
(1, 0, '2025-04-25 14:20:22', 'Acceso a Categoria / mostrar', '::1', 'Acceso Vista'),
(1, 0, '2025-04-25 14:20:23', 'Acceso a Categoria / listar', '::1', 'Acceso Vista'),
(1, 0, '2025-04-25 14:20:36', 'Acceso a Categoria / mostrar', '::1', 'Acceso Vista'),
(1, 0, '2025-04-25 14:20:36', 'Acceso a Categoria / listar', '::1', 'Acceso Vista'),
(1, 0, '2025-04-25 14:20:49', 'Acceso a Categoria / mostrar', '::1', 'Acceso Vista'),
(1, 0, '2025-04-25 14:20:49', 'Acceso a Categoria / listar', '::1', 'Acceso Vista'),
(1, 0, '2025-04-25 14:20:56', 'Acceso a Categoria / mostrar', '::1', 'Acceso Vista'),
(1, 0, '2025-04-25 14:20:57', 'Acceso a Categoria / listar', '::1', 'Acceso Vista'),
(1, 0, '2025-04-25 14:21:36', 'Acceso a Categoria / mostrar', '::1', 'Acceso Vista'),
(1, 0, '2025-04-25 14:21:37', 'Acceso a Categoria / listar', '::1', 'Acceso Vista'),
(1, 0, '2025-04-25 14:21:38', 'Acceso a Categoria / obtener', '::1', 'Acceso Vista'),
(1, 0, '2025-04-25 14:21:38', 'Se Produjo Un Error en los Controladores del Sistema', '::1', 'Falla Sistema'),
(1, 0, '2025-04-25 14:21:42', 'Acceso a Categoria / mostrar', '::1', 'Acceso Vista'),
(1, 0, '2025-04-25 14:21:42', 'Acceso a Categoria / listar', '::1', 'Acceso Vista'),
(1, 0, '2025-04-25 14:21:44', 'Acceso a Categoria / obtener', '::1', 'Acceso Vista'),
(1, 0, '2025-04-25 14:21:44', 'Se Produjo Un Error en los Controladores del Sistema', '::1', 'Falla Sistema'),
(1, 0, '2025-04-25 14:22:01', 'Acceso a Categoria / mostrar', '::1', 'Acceso Vista'),
(1, 0, '2025-04-25 14:22:01', 'Acceso a Categoria / listar', '::1', 'Acceso Vista'),
(1, 0, '2025-04-25 14:22:03', 'Acceso a Categoria / obtener', '::1', 'Acceso Vista'),
(1, 0, '2025-04-25 14:22:03', 'Se Produjo Un Error en los Controladores del Sistema', '::1', 'Falla Sistema'),
(1, 0, '2025-04-25 14:23:41', 'Acceso a Categoria / mostrar', '::1', 'Acceso Vista'),
(1, 0, '2025-04-25 14:23:41', 'Acceso a Categoria / listar', '::1', 'Acceso Vista'),
(1, 0, '2025-04-25 14:23:43', 'Acceso a Categoria / obtener', '::1', 'Acceso Vista'),
(1, 0, '2025-04-25 14:23:53', 'Error en editar Categoria con ID:4', '::1', 'Editar_Error'),
(1, 0, '2025-04-25 14:23:53', 'Acceso a Categoria / guardar_editar', '::1', 'Acceso Vista'),
(1, 0, '2025-04-25 14:24:59', 'Editó Categoria con ID:4', '::1', 'Editar'),
(1, 0, '2025-04-25 14:24:59', 'Acceso a Categoria / guardar_editar', '::1', 'Acceso Vista'),
(1, 0, '2025-04-25 14:24:59', 'Acceso a Categoria / listar', '::1', 'Acceso Vista'),
(1, 0, '2025-04-25 14:25:30', 'Acceso a Categoria / mostrar', '::1', 'Acceso Vista'),
(1, 0, '2025-04-25 14:25:30', 'Acceso a Categoria / listar', '::1', 'Acceso Vista'),
(1, 0, '2025-04-25 14:25:31', 'Acceso a Categoria / obtener', '::1', 'Acceso Vista'),
(1, 0, '2025-04-25 14:25:33', 'Acceso a Categoria / obtener', '::1', 'Acceso Vista'),
(1, 0, '2025-04-25 14:26:42', 'Editó Categoria con ID:4', '::1', 'Editar'),
(1, 0, '2025-04-25 14:26:42', 'Acceso a Categoria / guardar_editar', '::1', 'Acceso Vista'),
(1, 0, '2025-04-25 14:26:42', 'Acceso a Categoria / listar', '::1', 'Acceso Vista'),
(1, 0, '2025-04-25 14:27:06', 'Acceso a Categoria / obtener', '::1', 'Acceso Vista'),
(1, 0, '2025-04-25 14:27:23', 'Editó Categoria con ID:4', '::1', 'Editar'),
(1, 0, '2025-04-25 14:27:23', 'Acceso a Categoria / guardar_editar', '::1', 'Acceso Vista'),
(1, 0, '2025-04-25 14:27:23', 'Acceso a Categoria / listar', '::1', 'Acceso Vista'),
(1, 0, '2025-04-25 14:27:28', 'Acceso a Categoria / obtener', '::1', 'Acceso Vista'),
(1, 0, '2025-04-25 14:28:51', 'Acceso a Categoria / mostrar', '::1', 'Acceso Vista'),
(1, 0, '2025-04-25 14:28:51', 'Acceso a Categoria / listar', '::1', 'Acceso Vista'),
(1, 0, '2025-04-25 14:29:19', 'Acceso a Categoria / mostrar', '::1', 'Acceso Vista'),
(1, 0, '2025-04-25 14:29:20', 'Acceso a Categoria / listar', '::1', 'Acceso Vista'),
(1, 0, '2025-04-25 14:29:26', 'Acceso a Categoria / mostrar', '::1', 'Acceso Vista'),
(1, 0, '2025-04-25 14:29:27', 'Acceso a Categoria / listar', '::1', 'Acceso Vista'),
(1, 0, '2025-04-25 14:30:08', 'Acceso a Modulos / mostrar', '::1', 'Acceso Vista'),
(1, 0, '2025-04-25 14:30:08', 'Acceso a Modulos / mostrar_modulos', '::1', 'Acceso Vista'),
(1, 0, '2025-04-25 14:31:23', 'Insertó Modulo con', '::1', 'ok'),
(1, 0, '2025-04-25 14:31:23', 'Acceso a Modulos / guardar_editar_modulo', '::1', 'Acceso Vista'),
(1, 0, '2025-04-25 14:31:23', 'Acceso a Modulos / mostrar_modulos', '::1', 'Acceso Vista'),
(1, 0, '2025-04-25 14:31:27', 'Cambio orden Modulos', '::1', 'ok'),
(1, 0, '2025-04-25 14:31:27', 'Acceso a Modulos / cambiar_orden_modulos', '::1', 'Acceso Vista'),
(1, 0, '2025-04-25 14:31:28', 'Acceso a Modulos / mostrar_opciones_x_modulos', '::1', 'Acceso Vista'),
(1, 0, '2025-04-25 14:31:39', 'Insertó Opcion con', '::1', 'error'),
(1, 0, '2025-04-25 14:31:39', 'Acceso a Modulos / guardar_editar_opcion', '::1', 'Acceso Vista'),
(1, 0, '2025-04-25 14:31:39', 'Acceso a Modulos / mostrar_opciones_x_modulos', '::1', 'Acceso Vista'),
(1, 0, '2025-04-25 14:31:42', 'Acceso a Modulos / mostrar', '::1', 'Acceso Vista'),
(1, 0, '2025-04-25 14:31:42', 'Acceso a Modulos / mostrar_modulos', '::1', 'Acceso Vista'),
(1, 0, '2025-04-25 14:32:01', 'Acceso a Modulos / mostrar', '::1', 'Acceso Vista'),
(1, 0, '2025-04-25 14:32:02', 'Acceso a Modulos / mostrar_modulos', '::1', 'Acceso Vista'),
(1, 0, '2025-04-25 14:35:01', 'Se Produjo Un Error en los Controladores del Sistema', '::1', 'Falla Sistema'),
(1, 0, '2025-04-25 14:35:10', 'Acceso a Locales / mostrar', '::1', 'Acceso Vista'),
(1, 0, '2025-04-25 14:35:11', 'Acceso a Categoria / listar', '::1', 'Acceso Vista'),
(1, 0, '2025-04-25 14:35:21', 'Acceso a Categoria / mostrar', '::1', 'Acceso Vista'),
(1, 0, '2025-04-25 14:35:21', 'Acceso a Categoria / listar', '::1', 'Acceso Vista'),
(1, 0, '2025-04-25 14:35:45', 'Acceso a Categoria / mostrar', '::1', 'Acceso Vista'),
(1, 0, '2025-04-25 14:35:45', 'Acceso a Categoria / listar', '::1', 'Acceso Vista'),
(1, 0, '2025-04-25 14:50:32', 'Acceso a Categoria / mostrar', '::1', 'Acceso Vista'),
(1, 0, '2025-04-25 14:50:32', 'Acceso a Categoria / listar', '::1', 'Acceso Vista'),
(1, 0, '2025-04-25 14:50:33', 'Acceso a Locales / mostrar', '::1', 'Acceso Vista'),
(1, 0, '2025-04-25 14:50:34', 'Acceso a Categoria / listar', '::1', 'Acceso Vista'),
(1, 0, '2025-04-25 14:50:38', 'Acceso a Locales / mostrar', '::1', 'Acceso Vista'),
(1, 0, '2025-04-25 14:50:38', 'Acceso a Categoria / listar', '::1', 'Acceso Vista'),
(1, 0, '2025-04-25 14:50:44', 'Acceso a Locales / mostrar', '::1', 'Acceso Vista'),
(1, 0, '2025-04-25 14:50:44', 'Acceso a Categoria / listar', '::1', 'Acceso Vista'),
(1, 0, '2025-04-25 14:50:51', 'Acceso a Locales / mostrar', '::1', 'Acceso Vista'),
(1, 0, '2025-04-25 14:50:51', 'Acceso a Categoria / listar', '::1', 'Acceso Vista'),
(1, 0, '2025-04-25 14:52:23', 'Acceso a Locales / mostrar', '::1', 'Acceso Vista'),
(1, 0, '2025-04-25 14:52:24', 'Acceso a Categoria / listar', '::1', 'Acceso Vista'),
(1, 0, '2025-04-25 14:52:46', 'Acceso a Locales / mostrar', '::1', 'Acceso Vista'),
(1, 0, '2025-04-25 14:52:47', 'Acceso a Categoria / listar', '::1', 'Acceso Vista'),
(1, 0, '2025-04-25 14:53:21', 'Acceso a Locales / mostrar', '::1', 'Acceso Vista'),
(1, 0, '2025-04-25 14:53:21', 'Acceso a Categoria / listar', '::1', 'Acceso Vista'),
(1, 0, '2025-04-25 14:53:27', 'Acceso a Locales / mostrar', '::1', 'Acceso Vista'),
(1, 0, '2025-04-25 14:53:27', 'Acceso a Categoria / listar', '::1', 'Acceso Vista'),
(1, 0, '2025-04-25 14:53:46', 'Acceso a Locales / mostrar', '::1', 'Acceso Vista'),
(1, 0, '2025-04-25 14:53:46', 'Acceso a Locales / listar', '::1', 'Acceso Vista'),
(1, 0, '2025-04-25 14:54:33', 'Acceso a Locales / mostrar', '::1', 'Acceso Vista'),
(1, 0, '2025-04-25 14:54:33', 'Acceso a Locales / listar', '::1', 'Acceso Vista'),
(1, 0, '2025-04-25 14:54:51', 'Acceso a Locales / mostrar', '::1', 'Acceso Vista'),
(1, 0, '2025-04-25 14:54:52', 'Acceso a Locales / listar', '::1', 'Acceso Vista'),
(1, 0, '2025-04-25 14:55:39', 'Acceso a Locales / mostrar', '::1', 'Acceso Vista'),
(1, 0, '2025-04-25 14:55:40', 'Acceso a Locales / listar', '::1', 'Acceso Vista'),
(1, 0, '2025-04-25 14:56:42', 'Acceso a Locales / mostrar', '::1', 'Acceso Vista'),
(1, 0, '2025-04-25 14:56:42', 'Acceso a Locales / listar', '::1', 'Acceso Vista'),
(1, 0, '2025-04-25 14:56:57', 'Acceso a Locales / mostrar', '::1', 'Acceso Vista'),
(1, 0, '2025-04-25 14:56:57', 'Acceso a Locales / listar', '::1', 'Acceso Vista'),
(1, 0, '2025-04-25 14:57:10', 'Acceso a Locales / mostrar', '::1', 'Acceso Vista'),
(1, 0, '2025-04-25 14:57:11', 'Acceso a Locales / listar', '::1', 'Acceso Vista'),
(1, 0, '2025-04-25 14:57:16', 'Acceso a Locales / mostrar', '::1', 'Acceso Vista'),
(1, 0, '2025-04-25 14:57:17', 'Acceso a Locales / listar', '::1', 'Acceso Vista'),
(1, 0, '2025-04-25 14:59:53', 'Acceso a Locales / mostrar', '::1', 'Acceso Vista'),
(1, 0, '2025-04-25 14:59:53', 'Acceso a Locales / listar', '::1', 'Acceso Vista'),
(1, 0, '2025-04-25 15:01:36', 'Acceso a Locales / mostrar', '::1', 'Acceso Vista'),
(1, 0, '2025-04-25 15:01:37', 'Acceso a Locales / listar', '::1', 'Acceso Vista'),
(1, 0, '2025-04-25 15:01:38', 'Acceso a Locales / obtener', '::1', 'Acceso Vista'),
(1, 0, '2025-04-25 15:01:38', 'Se Produjo Un Error en los Controladores del Sistema', '::1', 'Falla Sistema'),
(1, 0, '2025-04-25 15:01:55', 'Acceso a Locales / mostrar', '::1', 'Acceso Vista'),
(1, 0, '2025-04-25 15:01:55', 'Acceso a Locales / listar', '::1', 'Acceso Vista'),
(1, 0, '2025-04-25 15:01:56', 'Acceso a Locales / obtener', '::1', 'Acceso Vista'),
(1, 0, '2025-04-25 15:01:56', 'Se Produjo Un Error en los Controladores del Sistema', '::1', 'Falla Sistema'),
(1, 0, '2025-04-25 15:03:00', 'Acceso a Locales / mostrar', '::1', 'Acceso Vista'),
(1, 0, '2025-04-25 15:03:01', 'Acceso a Locales / listar', '::1', 'Acceso Vista'),
(1, 0, '2025-04-25 15:03:02', 'Acceso a Locales / obtener', '::1', 'Acceso Vista');
INSERT INTO `bitacora` (`usu_id`, `suc_id`, `bit_fecha`, `bit_accion`, `bit_ip`, `bit_tipo`) VALUES
(1, 0, '2025-04-25 15:03:02', 'Se Produjo Un Error en los Controladores del Sistema', '::1', 'Falla Sistema'),
(1, 0, '2025-04-25 15:03:24', 'Acceso a Locales / mostrar', '::1', 'Acceso Vista'),
(1, 0, '2025-04-25 15:03:25', 'Acceso a Locales / listar', '::1', 'Acceso Vista'),
(1, 0, '2025-04-25 15:03:26', 'Acceso a Locales / obtener', '::1', 'Acceso Vista'),
(1, 0, '2025-04-25 15:03:38', 'Acceso a Locales / mostrar', '::1', 'Acceso Vista'),
(1, 0, '2025-04-25 15:03:38', 'Acceso a Locales / listar', '::1', 'Acceso Vista'),
(1, 0, '2025-04-25 15:03:39', 'Acceso a Locales / obtener', '::1', 'Acceso Vista'),
(1, 0, '2025-04-25 15:04:26', 'Acceso a Locales / mostrar', '::1', 'Acceso Vista'),
(1, 0, '2025-04-25 15:04:27', 'Acceso a Locales / listar', '::1', 'Acceso Vista'),
(1, 0, '2025-04-25 15:04:28', 'Acceso a Locales / obtener', '::1', 'Acceso Vista'),
(1, 0, '2025-04-25 15:05:54', 'Acceso a Locales / mostrar', '::1', 'Acceso Vista'),
(1, 0, '2025-04-25 15:05:55', 'Acceso a Locales / listar', '::1', 'Acceso Vista'),
(1, 0, '2025-04-25 15:05:56', 'Acceso a Locales / obtener', '::1', 'Acceso Vista'),
(1, 0, '2025-04-25 15:06:06', 'Acceso a Locales / mostrar', '::1', 'Acceso Vista'),
(1, 0, '2025-04-25 15:06:07', 'Acceso a Locales / listar', '::1', 'Acceso Vista'),
(1, 0, '2025-04-25 15:06:08', 'Acceso a Locales / obtener', '::1', 'Acceso Vista'),
(1, 0, '2025-04-25 15:06:25', 'Acceso a Locales / mostrar', '::1', 'Acceso Vista'),
(1, 0, '2025-04-25 15:06:25', 'Acceso a Locales / listar', '::1', 'Acceso Vista'),
(1, 0, '2025-04-25 15:06:28', 'Acceso a Locales / obtener', '::1', 'Acceso Vista'),
(1, 0, '2025-04-25 15:06:55', 'Acceso a Locales / mostrar', '::1', 'Acceso Vista'),
(1, 0, '2025-04-25 15:06:56', 'Acceso a Locales / listar', '::1', 'Acceso Vista'),
(1, 0, '2025-04-25 15:06:57', 'Acceso a Locales / obtener', '::1', 'Acceso Vista'),
(1, 0, '2025-04-25 15:07:49', 'Acceso a Locales / mostrar', '::1', 'Acceso Vista'),
(1, 0, '2025-04-25 15:07:49', 'Acceso a Locales / listar', '::1', 'Acceso Vista'),
(1, 0, '2025-04-25 15:07:51', 'Acceso a Locales / obtener', '::1', 'Acceso Vista'),
(1, 0, '2025-04-25 15:08:05', 'Acceso a Locales / mostrar', '::1', 'Acceso Vista'),
(1, 0, '2025-04-25 15:08:05', 'Acceso a Locales / listar', '::1', 'Acceso Vista'),
(1, 0, '2025-04-25 15:08:06', 'Acceso a Locales / obtener', '::1', 'Acceso Vista'),
(1, 0, '2025-04-25 15:08:10', 'Acceso a Locales / obtener', '::1', 'Acceso Vista'),
(1, 0, '2025-04-25 15:09:28', 'Acceso a Locales / mostrar', '::1', 'Acceso Vista'),
(1, 0, '2025-04-25 15:09:29', 'Acceso a Locales / listar', '::1', 'Acceso Vista'),
(1, 0, '2025-04-25 15:09:30', 'Acceso a Locales / obtener', '::1', 'Acceso Vista'),
(1, 0, '2025-04-25 15:11:21', 'Acceso a Locales / mostrar', '::1', 'Acceso Vista'),
(1, 0, '2025-04-25 15:11:22', 'Acceso a Locales / listar', '::1', 'Acceso Vista'),
(1, 0, '2025-04-25 15:11:24', 'Acceso a Locales / obtener', '::1', 'Acceso Vista'),
(1, 0, '2025-04-25 15:11:49', 'Acceso a Locales / mostrar', '::1', 'Acceso Vista'),
(1, 0, '2025-04-25 15:11:49', 'Acceso a Locales / listar', '::1', 'Acceso Vista'),
(1, 0, '2025-04-25 15:11:50', 'Acceso a Locales / obtener', '::1', 'Acceso Vista'),
(1, 0, '2025-04-25 15:12:15', 'Acceso a Locales / mostrar', '::1', 'Acceso Vista'),
(1, 0, '2025-04-25 15:12:15', 'Acceso a Locales / listar', '::1', 'Acceso Vista'),
(1, 0, '2025-04-25 15:12:17', 'Acceso a Locales / obtener', '::1', 'Acceso Vista'),
(1, 0, '2025-04-25 15:34:02', 'Acceso a Locales / mostrar', '::1', 'Acceso Vista'),
(1, 0, '2025-04-25 15:34:03', 'Acceso a Locales / listar', '::1', 'Acceso Vista'),
(1, 0, '2025-04-25 15:34:06', 'Acceso a Categoria / mostrar', '::1', 'Acceso Vista'),
(1, 0, '2025-04-25 15:34:06', 'Acceso a Categoria / listar', '::1', 'Acceso Vista'),
(1, 0, '2025-04-25 15:34:07', 'Acceso a Locales / mostrar', '::1', 'Acceso Vista'),
(1, 0, '2025-04-25 15:34:07', 'Acceso a Locales / listar', '::1', 'Acceso Vista'),
(1, 0, '2025-04-25 15:34:10', 'Acceso a Categoria / mostrar', '::1', 'Acceso Vista'),
(1, 0, '2025-04-25 15:34:10', 'Acceso a Categoria / listar', '::1', 'Acceso Vista'),
(1, 0, '2025-04-25 15:34:14', 'Acceso a Locales / mostrar', '::1', 'Acceso Vista'),
(1, 0, '2025-04-25 15:34:14', 'Acceso a Locales / listar', '::1', 'Acceso Vista'),
(1, 0, '2025-04-25 15:34:20', 'Acceso a Locales / mostrar', '::1', 'Acceso Vista'),
(1, 0, '2025-04-25 15:34:21', 'Acceso a Locales / listar', '::1', 'Acceso Vista'),
(1, 0, '2025-04-25 15:34:23', 'Acceso a Categoria / mostrar', '::1', 'Acceso Vista'),
(1, 0, '2025-04-25 15:34:23', 'Acceso a Categoria / listar', '::1', 'Acceso Vista'),
(1, 0, '2025-04-25 15:34:24', 'Acceso a Locales / mostrar', '::1', 'Acceso Vista'),
(1, 0, '2025-04-25 15:34:25', 'Acceso a Locales / listar', '::1', 'Acceso Vista'),
(1, 0, '2025-04-25 15:34:26', 'Acceso a Locales / obtener', '::1', 'Acceso Vista'),
(1, 0, '2025-04-25 15:39:00', 'Acceso a Locales / mostrar', '::1', 'Acceso Vista'),
(1, 0, '2025-04-25 15:39:00', 'Acceso a Locales / listar', '::1', 'Acceso Vista'),
(1, 0, '2025-04-25 15:39:15', 'Acceso a Locales / mostrar', '::1', 'Acceso Vista'),
(1, 0, '2025-04-25 15:39:15', 'Acceso a Locales / listar', '::1', 'Acceso Vista'),
(1, 0, '2025-04-25 15:39:27', 'Acceso a Locales / mostrar', '::1', 'Acceso Vista'),
(1, 0, '2025-04-25 15:39:27', 'Acceso a Locales / listar', '::1', 'Acceso Vista'),
(1, 0, '2025-04-25 15:39:34', 'Acceso a Locales / mostrar', '::1', 'Acceso Vista'),
(1, 0, '2025-04-25 15:39:34', 'Acceso a Locales / listar', '::1', 'Acceso Vista'),
(1, 0, '2025-04-25 15:39:55', 'Acceso a Locales / mostrar', '::1', 'Acceso Vista'),
(1, 0, '2025-04-25 15:39:55', 'Acceso a Locales / listar', '::1', 'Acceso Vista'),
(1, 0, '2025-04-25 15:44:12', 'Acceso a Locales / mostrar', '::1', 'Acceso Vista'),
(1, 0, '2025-04-25 15:44:13', 'Acceso a Locales / listar', '::1', 'Acceso Vista'),
(1, 0, '2025-04-25 15:44:14', 'Acceso a Locales / obtener', '::1', 'Acceso Vista'),
(1, 0, '2025-04-25 15:44:19', 'Acceso a Locales / obtener', '::1', 'Acceso Vista'),
(1, 0, '2025-04-25 15:44:29', 'Se Produjo Un Error en los Controladores del Sistema', '::1', 'Falla Sistema'),
(1, 0, '2025-04-25 15:44:36', 'Acceso a Locales / mostrar', '::1', 'Acceso Vista'),
(1, 0, '2025-04-25 15:44:37', 'Acceso a Locales / listar', '::1', 'Acceso Vista'),
(1, 0, '2025-04-25 15:44:40', 'Acceso a Locales / obtener', '::1', 'Acceso Vista'),
(1, 0, '2025-04-25 15:44:44', 'Se Produjo Un Error en los Controladores del Sistema', '::1', 'Falla Sistema'),
(1, 0, '2025-04-25 15:45:00', 'Se Produjo Un Error en los Controladores del Sistema', '::1', 'Falla Sistema'),
(1, 0, '2025-04-25 15:45:37', 'Acceso a Locales / mostrar', '::1', 'Acceso Vista'),
(1, 0, '2025-04-25 15:45:38', 'Acceso a Locales / listar', '::1', 'Acceso Vista'),
(1, 0, '2025-04-25 15:45:38', 'Acceso a Locales / obtener', '::1', 'Acceso Vista'),
(1, 0, '2025-04-25 15:45:42', 'Editó Locales con ID:7', '::1', 'Editar'),
(1, 0, '2025-04-25 15:45:42', 'Acceso a Locales / guardar_editar', '::1', 'Acceso Vista'),
(1, 0, '2025-04-25 15:45:42', 'Acceso a Locales / listar', '::1', 'Acceso Vista'),
(1, 0, '2025-04-25 15:45:45', 'Acceso a Locales / obtener', '::1', 'Acceso Vista'),
(1, 0, '2025-04-25 15:46:38', 'Insertó Locales con ID:', '::1', 'Guardar'),
(1, 0, '2025-04-25 15:46:38', 'Acceso a Locales / guardar_editar', '::1', 'Acceso Vista'),
(1, 0, '2025-04-25 15:46:38', 'Acceso a Locales / listar', '::1', 'Acceso Vista'),
(1, 0, '2025-04-25 15:46:42', 'Acceso a Locales / mostrar', '::1', 'Acceso Vista'),
(1, 0, '2025-04-25 15:46:43', 'Acceso a Locales / listar', '::1', 'Acceso Vista'),
(1, 0, '2025-04-25 15:48:58', 'Acceso a Locales / mostrar', '::1', 'Acceso Vista'),
(1, 0, '2025-04-25 15:48:58', 'Acceso a Locales / listar', '::1', 'Acceso Vista'),
(1, 0, '2025-04-25 15:48:59', 'Acceso a Locales / obtener', '::1', 'Acceso Vista'),
(1, 0, '2025-04-25 15:49:21', 'Editó Locales con ID:12', '::1', 'Editar'),
(1, 0, '2025-04-25 15:49:21', 'Acceso a Locales / guardar_editar', '::1', 'Acceso Vista'),
(1, 0, '2025-04-25 15:49:21', 'Acceso a Locales / listar', '::1', 'Acceso Vista'),
(1, 0, '2025-04-25 15:49:25', 'Acceso a Locales / mostrar', '::1', 'Acceso Vista'),
(1, 0, '2025-04-25 15:49:26', 'Acceso a Locales / listar', '::1', 'Acceso Vista'),
(1, 0, '2025-04-25 15:49:29', 'Locales Desactivado con ID: 12', '::1', 'Desactivado'),
(1, 0, '2025-04-25 15:49:29', 'Acceso a Locales / activar_desactivar', '::1', 'Acceso Vista'),
(1, 0, '2025-04-25 15:49:29', 'Acceso a Locales / listar', '::1', 'Acceso Vista'),
(1, 0, '2025-04-25 15:49:31', 'Locales activado con ID: 12', '::1', 'Activado'),
(1, 0, '2025-04-25 15:49:31', 'Acceso a Locales / activar_desactivar', '::1', 'Acceso Vista'),
(1, 0, '2025-04-25 15:49:31', 'Acceso a Locales / listar', '::1', 'Acceso Vista'),
(1, 0, '2025-04-25 15:49:33', 'Acceso a Categoria / mostrar', '::1', 'Acceso Vista'),
(1, 0, '2025-04-25 15:49:34', 'Acceso a Categoria / listar', '::1', 'Acceso Vista'),
(1, 0, '2025-04-25 15:49:35', 'Acceso a Categoria / obtener', '::1', 'Acceso Vista'),
(1, 0, '2025-04-25 15:49:55', 'Acceso a Categoria / mostrar', '::1', 'Acceso Vista'),
(1, 0, '2025-04-25 15:49:56', 'Acceso a Categoria / listar', '::1', 'Acceso Vista'),
(1, 0, '2025-04-25 15:49:57', 'Acceso a Categoria / obtener', '::1', 'Acceso Vista'),
(1, 0, '2025-04-25 15:50:02', 'Acceso a Categoria / obtener', '::1', 'Acceso Vista'),
(1, 0, '2025-04-25 15:50:10', 'Editó Categoria con ID:4', '::1', 'Editar'),
(1, 0, '2025-04-25 15:50:10', 'Acceso a Categoria / guardar_editar', '::1', 'Acceso Vista'),
(1, 0, '2025-04-25 15:50:10', 'Acceso a Categoria / listar', '::1', 'Acceso Vista'),
(1, 0, '2025-04-25 15:50:13', 'Acceso a Locales / mostrar', '::1', 'Acceso Vista'),
(1, 0, '2025-04-25 15:50:14', 'Acceso a Locales / listar', '::1', 'Acceso Vista'),
(1, 0, '2025-04-25 15:51:55', 'Acceso a Locales / mostrar', '::1', 'Acceso Vista'),
(1, 0, '2025-04-25 15:51:56', 'Acceso a Locales / listar', '::1', 'Acceso Vista'),
(1, 0, '2025-04-25 15:51:57', 'Acceso a Rol / mostrar', '::1', 'Acceso Vista'),
(1, 0, '2025-04-25 15:51:57', 'Acceso a Rol / crear_arbol_navbar', '::1', 'Acceso Vista'),
(1, 0, '2025-04-25 15:51:57', 'Acceso a Rol / crear_arbol_navbar', '::1', 'Acceso Vista'),
(1, 0, '2025-04-25 15:51:57', 'Acceso a Rol / listar', '::1', 'Acceso Vista'),
(1, 0, '2025-04-25 15:51:58', 'Acceso a Usuario / mostrar', '::1', 'Acceso Vista'),
(1, 0, '2025-04-25 15:51:58', 'Acceso a Usuario / seleccionar_rol', '::1', 'Acceso Vista'),
(1, 0, '2025-04-25 15:51:58', 'Acceso a Usuario / listar', '::1', 'Acceso Vista'),
(1, 0, '2025-04-25 15:52:04', 'Acceso a Usuario / obtener', '::1', 'Acceso Vista'),
(1, 0, '2025-04-25 15:52:06', 'Editó Usuario con ID:1', '::1', 'ok'),
(1, 0, '2025-04-25 15:52:06', 'Acceso a Usuario / guardar_editar', '::1', 'Acceso Vista'),
(1, 0, '2025-04-25 15:52:48', 'Editó Usuario con ID:1', '::1', 'ok'),
(1, 0, '2025-04-25 15:52:48', 'Acceso a Usuario / guardar_editar', '::1', 'Acceso Vista'),
(1, 0, '2025-04-25 15:52:48', 'Acceso a Usuario / listar', '::1', 'Acceso Vista'),
(1, 0, '2025-04-25 15:52:50', 'Acceso a Usuario / mostrar', '::1', 'Acceso Vista'),
(1, 0, '2025-04-25 15:52:51', 'Acceso a Usuario / seleccionar_rol', '::1', 'Acceso Vista'),
(1, 0, '2025-04-25 15:52:51', 'Acceso a Usuario / listar', '::1', 'Acceso Vista'),
(1, 0, '2025-04-25 15:52:52', 'Acceso a Rol / mostrar', '::1', 'Acceso Vista'),
(1, 0, '2025-04-25 15:52:53', 'Acceso a Rol / crear_arbol_navbar', '::1', 'Acceso Vista'),
(1, 0, '2025-04-25 15:52:53', 'Acceso a Rol / crear_arbol_navbar', '::1', 'Acceso Vista'),
(1, 0, '2025-04-25 15:52:53', 'Acceso a Rol / listar', '::1', 'Acceso Vista'),
(1, 0, '2025-04-25 15:53:35', 'Acceso a Modulos / mostrar', '::1', 'Acceso Vista'),
(1, 0, '2025-04-25 15:53:35', 'Acceso a Modulos / mostrar_modulos', '::1', 'Acceso Vista'),
(1, 0, '2025-04-25 15:54:41', 'Insertó Modulo con', '::1', 'ok'),
(1, 0, '2025-04-25 15:54:41', 'Acceso a Modulos / guardar_editar_modulo', '::1', 'Acceso Vista'),
(1, 0, '2025-04-25 15:54:41', 'Acceso a Modulos / mostrar_modulos', '::1', 'Acceso Vista'),
(1, 0, '2025-04-25 15:54:43', 'Cambio orden Modulos', '::1', 'ok'),
(1, 0, '2025-04-25 15:54:43', 'Acceso a Modulos / cambiar_orden_modulos', '::1', 'Acceso Vista'),
(1, 0, '2025-04-25 15:54:44', 'Acceso a Modulos / mostrar_opciones_x_modulos', '::1', 'Acceso Vista'),
(1, 0, '2025-04-25 15:55:08', 'Insertó Opcion con', '::1', 'error'),
(1, 0, '2025-04-25 15:55:08', 'Acceso a Modulos / guardar_editar_opcion', '::1', 'Acceso Vista'),
(1, 0, '2025-04-25 15:55:08', 'Acceso a Modulos / mostrar_opciones_x_modulos', '::1', 'Acceso Vista'),
(1, 0, '2025-04-25 15:55:30', 'Acceso a Modulos / mostrar', '::1', 'Acceso Vista'),
(1, 0, '2025-04-25 15:55:31', 'Acceso a Modulos / mostrar_modulos', '::1', 'Acceso Vista'),
(1, 0, '2025-04-25 16:06:38', 'Se Produjo Un Error en los Controladores del Sistema', '::1', 'Falla Sistema'),
(1, 0, '2025-04-25 16:06:59', 'Se Produjo Un Error en los Controladores del Sistema', '::1', 'Falla Sistema'),
(1, 0, '2025-04-25 16:07:05', 'Se Produjo Un Error en los Controladores del Sistema', '::1', 'Falla Sistema'),
(1, 0, '2025-04-25 16:07:05', 'Se Produjo Un Error en los Controladores del Sistema', '::1', 'Falla Sistema'),
(1, 0, '2025-04-25 16:07:14', 'Se Produjo Un Error en los Controladores del Sistema', '::1', 'Falla Sistema'),
(1, 0, '2025-04-25 16:07:14', 'Se Produjo Un Error en los Controladores del Sistema', '::1', 'Falla Sistema'),
(1, 0, '2025-04-25 16:07:29', 'Acceso a Artistas / mostrar', '::1', 'Acceso Vista'),
(1, 0, '2025-04-25 16:07:29', 'Acceso a Locales / listar', '::1', 'Acceso Vista'),
(1, 0, '2025-04-25 16:07:37', 'Acceso a Artistas / mostrar', '::1', 'Acceso Vista'),
(1, 0, '2025-04-25 16:07:38', 'Acceso a Locales / listar', '::1', 'Acceso Vista'),
(1, 0, '2025-04-25 16:07:56', 'Acceso a Modulos / mostrar', '::1', 'Acceso Vista'),
(1, 0, '2025-04-25 16:07:56', 'Acceso a Modulos / mostrar_modulos', '::1', 'Acceso Vista'),
(1, 0, '2025-04-25 16:09:00', 'Insertó Modulo con', '::1', 'ok'),
(1, 0, '2025-04-25 16:09:00', 'Acceso a Modulos / guardar_editar_modulo', '::1', 'Acceso Vista'),
(1, 0, '2025-04-25 16:09:00', 'Acceso a Modulos / mostrar_modulos', '::1', 'Acceso Vista'),
(1, 0, '2025-04-25 16:09:03', 'Cambio orden Modulos', '::1', 'ok'),
(1, 0, '2025-04-25 16:09:03', 'Acceso a Modulos / cambiar_orden_modulos', '::1', 'Acceso Vista'),
(1, 0, '2025-04-25 16:09:04', 'Acceso a Modulos / mostrar_opciones_x_modulos', '::1', 'Acceso Vista'),
(1, 0, '2025-04-25 16:09:19', 'Insertó Opcion con', '::1', 'error'),
(1, 0, '2025-04-25 16:09:19', 'Acceso a Modulos / guardar_editar_opcion', '::1', 'Acceso Vista'),
(1, 0, '2025-04-25 16:09:19', 'Acceso a Modulos / mostrar_opciones_x_modulos', '::1', 'Acceso Vista'),
(1, 0, '2025-04-25 16:09:45', 'Acceso a Modulos / mostrar', '::1', 'Acceso Vista'),
(1, 0, '2025-04-25 16:09:45', 'Acceso a Modulos / mostrar_modulos', '::1', 'Acceso Vista'),
(1, 0, '2025-04-25 16:10:03', 'Acceso a Modulos / mostrar', '::1', 'Acceso Vista'),
(1, 0, '2025-04-25 16:10:04', 'Acceso a Modulos / mostrar_modulos', '::1', 'Acceso Vista'),
(1, 0, '2025-04-25 16:10:16', 'Acceso a Artistas / mostrar', '::1', 'Acceso Vista'),
(1, 0, '2025-04-25 16:10:16', 'Acceso a Locales / listar', '::1', 'Acceso Vista'),
(1, 0, '2025-04-25 16:12:33', 'Acceso a Artistas / mostrar', '::1', 'Acceso Vista'),
(1, 0, '2025-04-25 16:12:33', 'Acceso a Locales / listar', '::1', 'Acceso Vista'),
(1, 0, '2025-04-25 16:23:20', 'Acceso a Artistas / mostrar', '::1', 'Acceso Vista'),
(1, 0, '2025-04-25 16:23:20', 'Acceso a Locales / listar', '::1', 'Acceso Vista'),
(1, 0, '2025-04-25 16:36:20', 'Acceso a Artistas / mostrar', '::1', 'Acceso Vista'),
(1, 0, '2025-04-25 16:36:21', 'Acceso a Locales / listar', '::1', 'Acceso Vista'),
(1, 0, '2025-04-25 16:40:10', 'Acceso a Artistas / mostrar', '::1', 'Acceso Vista'),
(1, 0, '2025-04-25 16:40:10', 'Acceso a Locales / listar', '::1', 'Acceso Vista'),
(1, 0, '2025-04-25 16:40:14', 'Acceso a Artistas / mostrar', '::1', 'Acceso Vista'),
(1, 0, '2025-04-25 16:40:14', 'Acceso a Artistas / listar', '::1', 'Acceso Vista'),
(1, 0, '2025-04-25 16:44:52', 'Acceso a Artistas / mostrar', '::1', 'Acceso Vista'),
(1, 0, '2025-04-25 16:44:52', 'Acceso a Artistas / listar', '::1', 'Acceso Vista'),
(1, 0, '2025-04-25 16:45:02', 'Acceso a Artistas / mostrar', '::1', 'Acceso Vista'),
(1, 0, '2025-04-25 16:45:02', 'Acceso a Artistas / listar', '::1', 'Acceso Vista'),
(1, 0, '2025-04-25 16:45:14', 'Acceso a Artistas / mostrar', '::1', 'Acceso Vista'),
(1, 0, '2025-04-25 16:45:14', 'Acceso a Artistas / listar', '::1', 'Acceso Vista'),
(1, 0, '2025-04-25 16:45:20', 'Acceso a Artistas / mostrar', '::1', 'Acceso Vista'),
(1, 0, '2025-04-25 16:45:20', 'Acceso a Artistas / listar', '::1', 'Acceso Vista'),
(1, 0, '2025-04-25 16:45:28', 'Acceso a Artistas / mostrar', '::1', 'Acceso Vista'),
(1, 0, '2025-04-25 16:45:29', 'Acceso a Artistas / listar', '::1', 'Acceso Vista'),
(1, 0, '2025-04-25 16:46:42', 'Acceso a Artistas / mostrar', '::1', 'Acceso Vista'),
(1, 0, '2025-04-25 16:46:42', 'Acceso a Artistas / listar', '::1', 'Acceso Vista'),
(1, 0, '2025-04-25 16:46:53', 'Acceso a Artistas / mostrar', '::1', 'Acceso Vista'),
(1, 0, '2025-04-25 16:46:54', 'Acceso a Artistas / listar', '::1', 'Acceso Vista'),
(1, 0, '2025-04-25 16:47:44', 'Acceso a Artistas / mostrar', '::1', 'Acceso Vista'),
(1, 0, '2025-04-25 16:47:44', 'Acceso a Artistas / listar', '::1', 'Acceso Vista'),
(1, 0, '2025-04-25 16:49:32', 'Acceso a Artistas / mostrar', '::1', 'Acceso Vista'),
(1, 0, '2025-04-25 16:49:32', 'Acceso a Artistas / listar', '::1', 'Acceso Vista'),
(1, 0, '2025-04-25 16:49:41', 'Acceso a Locales / mostrar', '::1', 'Acceso Vista'),
(1, 0, '2025-04-25 16:49:42', 'Acceso a Locales / listar', '::1', 'Acceso Vista'),
(1, 0, '2025-04-25 16:50:32', 'Acceso a Locales / mostrar', '::1', 'Acceso Vista'),
(1, 0, '2025-04-25 16:50:33', 'Acceso a Locales / listar', '::1', 'Acceso Vista'),
(1, 0, '2025-04-25 16:50:35', 'Acceso a Admin / dashboard', '::1', 'Acceso Vista'),
(1, 0, '2025-04-25 16:50:36', 'Acceso a Artistas / mostrar', '::1', 'Acceso Vista'),
(1, 0, '2025-04-25 16:50:36', 'Acceso a Artistas / listar', '::1', 'Acceso Vista'),
(1, 0, '2025-04-25 16:50:54', 'Acceso a Artistas / mostrar', '::1', 'Acceso Vista'),
(1, 0, '2025-04-25 16:50:54', 'Acceso a Artistas / mostrar', '::1', 'Acceso Vista'),
(1, 0, '2025-04-25 16:50:54', 'Acceso a Artistas / mostrar', '::1', 'Acceso Vista'),
(1, 0, '2025-04-25 16:50:55', 'Acceso a Artistas / listar', '::1', 'Acceso Vista'),
(1, 0, '2025-04-25 16:51:22', 'Acceso a Artistas / mostrar', '::1', 'Acceso Vista'),
(1, 0, '2025-04-25 16:51:23', 'Acceso a Artistas / listar', '::1', 'Acceso Vista'),
(1, 0, '2025-04-25 16:51:43', 'Acceso a Artistas / mostrar', '::1', 'Acceso Vista'),
(1, 0, '2025-04-25 16:51:44', 'Acceso a Artistas / listar', '::1', 'Acceso Vista'),
(1, 0, '2025-04-25 16:51:46', 'Acceso a Artistas / mostrar', '::1', 'Acceso Vista'),
(1, 0, '2025-04-25 16:51:47', 'Acceso a Artistas / listar', '::1', 'Acceso Vista'),
(1, 0, '2025-04-25 16:58:47', 'Acceso a Artistas / mostrar', '::1', 'Acceso Vista'),
(1, 0, '2025-04-25 16:58:48', 'Acceso a Artistas / listar', '::1', 'Acceso Vista'),
(1, 0, '2025-04-25 16:58:58', 'Acceso a Locales / mostrar', '::1', 'Acceso Vista'),
(1, 0, '2025-04-25 16:58:58', 'Acceso a Locales / listar', '::1', 'Acceso Vista'),
(1, 0, '2025-04-25 16:59:02', 'Acceso a Artistas / mostrar', '::1', 'Acceso Vista'),
(1, 0, '2025-04-25 16:59:02', 'Acceso a Artistas / listar', '::1', 'Acceso Vista'),
(1, 0, '2025-04-25 16:59:31', 'Acceso a Artistas / mostrar', '::1', 'Acceso Vista'),
(1, 0, '2025-04-25 16:59:32', 'Acceso a Artistas / listar', '::1', 'Acceso Vista'),
(1, 0, '2025-04-25 17:01:35', 'Acceso a Artistas / mostrar', '::1', 'Acceso Vista'),
(1, 0, '2025-04-25 17:01:35', 'Acceso a Artistas / listar', '::1', 'Acceso Vista'),
(1, 0, '2025-04-25 17:01:37', 'Acceso a Artistas / obtener', '::1', 'Acceso Vista'),
(1, 0, '2025-04-25 17:02:16', 'Acceso a Artistas / mostrar', '::1', 'Acceso Vista'),
(1, 0, '2025-04-25 17:02:16', 'Acceso a Artistas / listar', '::1', 'Acceso Vista'),
(1, 0, '2025-04-25 17:02:22', 'Acceso a Artistas / obtener', '::1', 'Acceso Vista'),
(1, 0, '2025-04-25 17:02:37', 'Acceso a Artistas / mostrar', '::1', 'Acceso Vista'),
(1, 0, '2025-04-25 17:02:38', 'Acceso a Artistas / listar', '::1', 'Acceso Vista'),
(1, 0, '2025-04-25 17:02:42', 'Acceso a Artistas / obtener', '::1', 'Acceso Vista'),
(1, 0, '2025-04-25 17:03:23', 'Acceso a Artistas / mostrar', '::1', 'Acceso Vista'),
(1, 0, '2025-04-25 17:03:23', 'Acceso a Artistas / listar', '::1', 'Acceso Vista'),
(1, 0, '2025-04-25 17:03:51', 'Acceso a Artistas / mostrar', '::1', 'Acceso Vista'),
(1, 0, '2025-04-25 17:03:52', 'Acceso a Artistas / listar', '::1', 'Acceso Vista'),
(1, 0, '2025-04-25 17:03:53', 'Acceso a Artistas / obtener', '::1', 'Acceso Vista'),
(1, 0, '2025-04-25 17:03:58', 'Editó Artistas con ID:17', '::1', 'Editar'),
(1, 0, '2025-04-25 17:03:58', 'Acceso a Artistas / guardar_editar', '::1', 'Acceso Vista'),
(1, 0, '2025-04-25 17:03:58', 'Acceso a Artistas / listar', '::1', 'Acceso Vista'),
(1, 0, '2025-04-25 17:04:02', 'Artistas Desactivado con ID: 17', '::1', 'Desactivado'),
(1, 0, '2025-04-25 17:04:02', 'Acceso a Artistas / activar_desactivar', '::1', 'Acceso Vista'),
(1, 0, '2025-04-25 17:04:03', 'Acceso a Artistas / listar', '::1', 'Acceso Vista'),
(1, 0, '2025-04-25 17:04:04', 'Artistas Desactivado con ID: 17', '::1', 'Desactivado'),
(1, 0, '2025-04-25 17:04:04', 'Acceso a Artistas / activar_desactivar', '::1', 'Acceso Vista'),
(1, 0, '2025-04-25 17:04:04', 'Acceso a Artistas / listar', '::1', 'Acceso Vista'),
(1, 0, '2025-04-25 17:04:05', 'Artistas Desactivado con ID: 17', '::1', 'Desactivado'),
(1, 0, '2025-04-25 17:04:05', 'Acceso a Artistas / activar_desactivar', '::1', 'Acceso Vista'),
(1, 0, '2025-04-25 17:04:06', 'Acceso a Artistas / listar', '::1', 'Acceso Vista'),
(1, 0, '2025-04-25 17:04:07', 'Acceso a Artistas / mostrar', '::1', 'Acceso Vista'),
(1, 0, '2025-04-25 17:04:07', 'Acceso a Artistas / listar', '::1', 'Acceso Vista'),
(1, 0, '2025-04-25 17:04:09', 'Artistas Desactivado con ID: 17', '::1', 'Desactivado'),
(1, 0, '2025-04-25 17:04:09', 'Acceso a Artistas / activar_desactivar', '::1', 'Acceso Vista'),
(1, 0, '2025-04-25 17:04:09', 'Acceso a Artistas / listar', '::1', 'Acceso Vista'),
(1, 0, '2025-04-25 17:04:10', 'Artistas Desactivado con ID: 16', '::1', 'Desactivado'),
(1, 0, '2025-04-25 17:04:10', 'Acceso a Artistas / activar_desactivar', '::1', 'Acceso Vista'),
(1, 0, '2025-04-25 17:04:10', 'Acceso a Artistas / listar', '::1', 'Acceso Vista'),
(1, 0, '2025-04-25 17:04:11', 'Acceso a Artistas / mostrar', '::1', 'Acceso Vista'),
(1, 0, '2025-04-25 17:04:11', 'Acceso a Artistas / listar', '::1', 'Acceso Vista'),
(1, 0, '2025-04-25 17:04:13', 'Acceso a Artistas / mostrar', '::1', 'Acceso Vista'),
(1, 0, '2025-04-25 17:04:13', 'Acceso a Artistas / listar', '::1', 'Acceso Vista'),
(1, 0, '2025-04-25 17:05:18', 'Acceso a Artistas / mostrar', '::1', 'Acceso Vista'),
(1, 0, '2025-04-25 17:05:18', 'Acceso a Artistas / listar', '::1', 'Acceso Vista'),
(1, 0, '2025-04-25 17:05:19', 'Artistas activado con ID: 17', '::1', 'Activado'),
(1, 0, '2025-04-25 17:05:19', 'Acceso a Artistas / activar_desactivar', '::1', 'Acceso Vista'),
(1, 0, '2025-04-25 17:05:19', 'Acceso a Artistas / listar', '::1', 'Acceso Vista'),
(1, 0, '2025-04-25 17:05:20', 'Artistas activado con ID: 16', '::1', 'Activado'),
(1, 0, '2025-04-25 17:05:20', 'Acceso a Artistas / activar_desactivar', '::1', 'Acceso Vista'),
(1, 0, '2025-04-25 17:05:20', 'Acceso a Artistas / listar', '::1', 'Acceso Vista'),
(1, 0, '2025-04-25 17:05:31', 'Acceso a Artistas / mostrar', '::1', 'Acceso Vista'),
(1, 0, '2025-04-25 17:05:32', 'Acceso a Artistas / listar', '::1', 'Acceso Vista'),
(1, 0, '2025-04-25 17:05:40', 'Acceso a Admin / dashboard', '::1', 'Acceso Vista'),
(1, 0, '2025-04-25 17:05:41', 'Acceso a Categoria / mostrar', '::1', 'Acceso Vista'),
(1, 0, '2025-04-25 17:05:41', 'Acceso a Categoria / listar', '::1', 'Acceso Vista'),
(1, 0, '2025-04-25 17:06:02', 'Acceso a Categoria / mostrar', '::1', 'Acceso Vista'),
(1, 0, '2025-04-25 17:06:02', 'Acceso a Categoria / listar', '::1', 'Acceso Vista'),
(1, 0, '2025-04-25 17:06:34', 'Acceso a Artistas / mostrar', '::1', 'Acceso Vista'),
(1, 0, '2025-04-25 17:06:34', 'Acceso a Artistas / listar', '::1', 'Acceso Vista'),
(1, 0, '2025-04-25 17:06:38', 'Artistas Desactivado con ID: 16', '::1', 'Desactivado'),
(1, 0, '2025-04-25 17:06:38', 'Acceso a Artistas / activar_desactivar', '::1', 'Acceso Vista'),
(1, 0, '2025-04-25 17:06:38', 'Acceso a Artistas / listar', '::1', 'Acceso Vista'),
(1, 0, '2025-04-25 17:06:41', 'Artistas activado con ID: 16', '::1', 'Activado'),
(1, 0, '2025-04-25 17:06:41', 'Acceso a Artistas / activar_desactivar', '::1', 'Acceso Vista'),
(1, 0, '2025-04-25 17:06:41', 'Acceso a Artistas / listar', '::1', 'Acceso Vista'),
(1, 0, '2025-04-25 17:06:43', 'Artistas Desactivado con ID: 17', '::1', 'Desactivado'),
(1, 0, '2025-04-25 17:06:43', 'Acceso a Artistas / activar_desactivar', '::1', 'Acceso Vista'),
(1, 0, '2025-04-25 17:06:43', 'Acceso a Artistas / listar', '::1', 'Acceso Vista'),
(1, 0, '2025-04-25 17:07:43', 'Acceso a Artistas / mostrar', '::1', 'Acceso Vista'),
(1, 0, '2025-04-25 17:07:44', 'Acceso a Artistas / listar', '::1', 'Acceso Vista'),
(1, 0, '2025-04-25 17:08:45', 'Acceso a Artistas / mostrar', '::1', 'Acceso Vista'),
(1, 0, '2025-04-25 17:08:46', 'Acceso a Artistas / listar', '::1', 'Acceso Vista'),
(1, 0, '2025-04-25 17:08:49', 'Acceso a Artistas / mostrar', '::1', 'Acceso Vista'),
(1, 0, '2025-04-25 17:08:49', 'Acceso a Artistas / listar', '::1', 'Acceso Vista'),
(1, 0, '2025-04-25 17:11:44', 'Acceso a Artistas / mostrar', '::1', 'Acceso Vista'),
(1, 0, '2025-04-25 17:11:45', 'Acceso a Artistas / listar', '::1', 'Acceso Vista'),
(1, 0, '2025-04-25 17:11:53', 'Acceso a Artistas / mostrar', '::1', 'Acceso Vista'),
(1, 0, '2025-04-25 17:11:53', 'Acceso a Artistas / listar', '::1', 'Acceso Vista'),
(1, 0, '2025-04-25 17:11:55', 'Acceso a Artistas / mostrar', '::1', 'Acceso Vista'),
(1, 0, '2025-04-25 17:11:55', 'Acceso a Artistas / listar', '::1', 'Acceso Vista'),
(1, 0, '2025-04-25 17:12:05', 'Acceso a Artistas / mostrar', '::1', 'Acceso Vista'),
(1, 0, '2025-04-25 17:12:06', 'Acceso a Artistas / listar', '::1', 'Acceso Vista'),
(1, 0, '2025-04-25 17:12:18', 'Acceso a Modulos / mostrar', '::1', 'Acceso Vista'),
(1, 0, '2025-04-25 17:12:18', 'Acceso a Modulos / mostrar_modulos', '::1', 'Acceso Vista'),
(1, 0, '2025-04-25 17:12:19', 'Acceso a Artistas / mostrar', '::1', 'Acceso Vista'),
(1, 0, '2025-04-25 17:12:19', 'Acceso a Artistas / listar', '::1', 'Acceso Vista'),
(1, 0, '2025-04-25 17:13:51', 'Acceso a Artistas / mostrar', '::1', 'Acceso Vista'),
(1, 0, '2025-04-25 17:13:52', 'Acceso a Artistas / listar', '::1', 'Acceso Vista'),
(1, 0, '2025-04-25 17:16:23', 'Acceso a Artistas / mostrar', '::1', 'Acceso Vista'),
(1, 0, '2025-04-25 17:16:24', 'Acceso a Artistas / listar', '::1', 'Acceso Vista'),
(1, 0, '2025-04-25 17:16:30', 'Acceso a Artistas / mostrar', '::1', 'Acceso Vista'),
(1, 0, '2025-04-25 17:16:30', 'Acceso a Artistas / listar', '::1', 'Acceso Vista'),
(1, 0, '2025-04-25 17:18:39', 'Insertó Artistas con ID:', '::1', 'Guardar'),
(1, 0, '2025-04-25 17:18:39', 'Acceso a Artistas / guardar_editar', '::1', 'Acceso Vista'),
(1, 0, '2025-04-25 17:18:39', 'Acceso a Artistas / listar', '::1', 'Acceso Vista'),
(1, 0, '2025-04-25 17:19:11', 'Acceso a Artistas / mostrar', '::1', 'Acceso Vista'),
(1, 0, '2025-04-25 17:19:12', 'Acceso a Artistas / listar', '::1', 'Acceso Vista'),
(1, 0, '2025-04-25 17:19:14', 'Acceso a Artistas / mostrar', '::1', 'Acceso Vista'),
(1, 0, '2025-04-25 17:19:14', 'Acceso a Artistas / mostrar', '::1', 'Acceso Vista'),
(1, 0, '2025-04-25 17:19:14', 'Acceso a Artistas / mostrar', '::1', 'Acceso Vista'),
(1, 0, '2025-04-25 17:19:15', 'Acceso a Artistas / listar', '::1', 'Acceso Vista'),
(1, 0, '2025-04-25 17:19:39', 'Acceso a Artistas / mostrar', '::1', 'Acceso Vista'),
(1, 0, '2025-04-25 17:19:40', 'Acceso a Artistas / listar', '::1', 'Acceso Vista'),
(1, 0, '2025-04-25 17:20:00', 'Acceso a Artistas / mostrar', '::1', 'Acceso Vista'),
(1, 0, '2025-04-25 17:20:01', 'Acceso a Artistas / listar', '::1', 'Acceso Vista'),
(1, 0, '2025-04-25 17:20:17', 'Acceso a Artistas / mostrar', '::1', 'Acceso Vista'),
(1, 0, '2025-04-25 17:20:18', 'Acceso a Artistas / listar', '::1', 'Acceso Vista'),
(1, 0, '2025-04-25 17:21:18', 'Acceso a Artistas / mostrar', '::1', 'Acceso Vista'),
(1, 0, '2025-04-25 17:21:18', 'Acceso a Artistas / listar', '::1', 'Acceso Vista'),
(1, 0, '2025-04-25 17:21:26', 'Acceso a Artistas / mostrar', '::1', 'Acceso Vista'),
(1, 0, '2025-04-25 17:21:26', 'Acceso a Artistas / listar', '::1', 'Acceso Vista'),
(1, 0, '2025-04-25 17:21:42', 'Acceso a Artistas / mostrar', '::1', 'Acceso Vista'),
(1, 0, '2025-04-25 17:21:43', 'Acceso a Artistas / listar', '::1', 'Acceso Vista'),
(1, 0, '2025-04-25 17:21:44', 'Acceso a Artistas / mostrar', '::1', 'Acceso Vista'),
(1, 0, '2025-04-25 17:21:45', 'Acceso a Artistas / mostrar', '::1', 'Acceso Vista'),
(1, 0, '2025-04-25 17:21:45', 'Acceso a Artistas / mostrar', '::1', 'Acceso Vista'),
(1, 0, '2025-04-25 17:21:45', 'Acceso a Artistas / listar', '::1', 'Acceso Vista'),
(1, 0, '2025-04-25 17:22:18', 'Acceso a Artistas / mostrar', '::1', 'Acceso Vista'),
(1, 0, '2025-04-25 17:22:19', 'Acceso a Artistas / listar', '::1', 'Acceso Vista'),
(1, 0, '2025-04-25 17:22:25', 'Acceso a Artistas / obtener', '::1', 'Acceso Vista'),
(1, 0, '2025-04-25 17:22:35', 'Editó Artistas con ID:20', '::1', 'Editar'),
(1, 0, '2025-04-25 17:22:35', 'Acceso a Artistas / guardar_editar', '::1', 'Acceso Vista'),
(1, 0, '2025-04-25 17:22:35', 'Acceso a Artistas / listar', '::1', 'Acceso Vista'),
(1, 0, '2025-04-25 17:23:40', 'Acceso a Locales / mostrar', '::1', 'Acceso Vista'),
(1, 0, '2025-04-25 17:23:40', 'Acceso a Locales / listar', '::1', 'Acceso Vista'),
(1, 0, '2025-04-25 17:23:41', 'Locales Desactivado con ID: 12', '::1', 'Desactivado'),
(1, 0, '2025-04-25 17:23:41', 'Acceso a Locales / activar_desactivar', '::1', 'Acceso Vista'),
(1, 0, '2025-04-25 17:23:41', 'Acceso a Locales / listar', '::1', 'Acceso Vista'),
(1, 0, '2025-04-25 17:23:42', 'Locales activado con ID: 12', '::1', 'Activado'),
(1, 0, '2025-04-25 17:23:42', 'Acceso a Locales / activar_desactivar', '::1', 'Acceso Vista'),
(1, 0, '2025-04-25 17:23:42', 'Acceso a Locales / listar', '::1', 'Acceso Vista'),
(1, 0, '2025-04-25 17:23:45', 'Acceso a Locales / mostrar', '::1', 'Acceso Vista'),
(1, 0, '2025-04-25 17:23:46', 'Acceso a Locales / listar', '::1', 'Acceso Vista'),
(1, 0, '2025-04-25 17:29:29', 'Acceso a Locales / mostrar', '::1', 'Acceso Vista'),
(1, 0, '2025-04-25 17:29:29', 'Acceso a Locales / listar', '::1', 'Acceso Vista'),
(1, 0, '2025-04-25 17:31:43', 'Acceso a Categoria / mostrar', '::1', 'Acceso Vista'),
(1, 0, '2025-04-25 17:31:44', 'Acceso a Categoria / listar', '::1', 'Acceso Vista'),
(1, 0, '2025-04-25 17:31:47', 'Acceso a Modulos / mostrar', '::1', 'Acceso Vista'),
(1, 0, '2025-04-25 17:31:47', 'Acceso a Modulos / mostrar_modulos', '::1', 'Acceso Vista'),
(1, 0, '2025-04-25 17:32:44', 'Insertó Modulo con', '::1', 'ok'),
(1, 0, '2025-04-25 17:32:44', 'Acceso a Modulos / guardar_editar_modulo', '::1', 'Acceso Vista'),
(1, 0, '2025-04-25 17:32:44', 'Acceso a Modulos / mostrar_modulos', '::1', 'Acceso Vista'),
(1, 0, '2025-04-25 17:32:46', 'Cambio orden Modulos', '::1', 'ok'),
(1, 0, '2025-04-25 17:32:46', 'Acceso a Modulos / cambiar_orden_modulos', '::1', 'Acceso Vista'),
(1, 0, '2025-04-25 17:32:55', 'Acceso a Modulos / mostrar_opciones_x_modulos', '::1', 'Acceso Vista'),
(1, 0, '2025-04-25 17:33:06', 'Insertó Opcion con', '::1', 'error'),
(1, 0, '2025-04-25 17:33:06', 'Acceso a Modulos / guardar_editar_opcion', '::1', 'Acceso Vista'),
(1, 0, '2025-04-25 17:33:06', 'Acceso a Modulos / mostrar_opciones_x_modulos', '::1', 'Acceso Vista'),
(1, 0, '2025-04-25 17:33:22', 'Acceso a Modulos / mostrar', '::1', 'Acceso Vista'),
(1, 0, '2025-04-25 17:33:23', 'Acceso a Modulos / mostrar_modulos', '::1', 'Acceso Vista'),
(1, 0, '2025-04-25 17:34:03', 'Editó Modulo con ID:10', '::1', 'ok'),
(1, 0, '2025-04-25 17:34:03', 'Acceso a Modulos / guardar_editar_modulo', '::1', 'Acceso Vista'),
(1, 0, '2025-04-25 17:34:03', 'Acceso a Modulos / mostrar_modulos', '::1', 'Acceso Vista'),
(1, 0, '2025-04-25 17:34:05', 'Acceso a Modulos / mostrar', '::1', 'Acceso Vista'),
(1, 0, '2025-04-25 17:34:05', 'Acceso a Modulos / mostrar_modulos', '::1', 'Acceso Vista'),
(1, 0, '2025-04-25 17:34:08', 'Acceso a Modulos / mostrar_opciones_x_modulos', '::1', 'Acceso Vista'),
(1, 0, '2025-04-25 17:34:18', 'Editó Modulo con ID:10', '::1', 'ok'),
(1, 0, '2025-04-25 17:34:18', 'Acceso a Modulos / guardar_editar_modulo', '::1', 'Acceso Vista'),
(1, 0, '2025-04-25 17:34:18', 'Acceso a Modulos / mostrar_modulos', '::1', 'Acceso Vista'),
(1, 0, '2025-04-25 17:34:47', 'Acceso a Modulos / mostrar_opciones_x_modulos', '::1', 'Acceso Vista'),
(1, 0, '2025-04-25 17:34:52', 'Editó Modulo con ID:10', '::1', 'ok'),
(1, 0, '2025-04-25 17:34:52', 'Acceso a Modulos / guardar_editar_modulo', '::1', 'Acceso Vista'),
(1, 0, '2025-04-25 17:34:52', 'Acceso a Modulos / mostrar_modulos', '::1', 'Acceso Vista'),
(1, 0, '2025-04-25 17:35:19', 'Editó Modulo con ID:10', '::1', 'ok'),
(1, 0, '2025-04-25 17:35:19', 'Acceso a Modulos / guardar_editar_modulo', '::1', 'Acceso Vista'),
(1, 0, '2025-04-25 17:35:19', 'Acceso a Modulos / mostrar_modulos', '::1', 'Acceso Vista'),
(1, 0, '2025-04-25 17:35:21', 'Acceso a Modulos / mostrar', '::1', 'Acceso Vista'),
(1, 0, '2025-04-25 17:35:22', 'Acceso a Modulos / mostrar_modulos', '::1', 'Acceso Vista'),
(1, 0, '2025-04-25 17:35:22', 'Acceso a Modulos / mostrar', '::1', 'Acceso Vista'),
(1, 0, '2025-04-25 17:35:22', 'Acceso a Modulos / mostrar_modulos', '::1', 'Acceso Vista'),
(1, 0, '2025-04-25 17:36:50', 'Acceso a Modulos / mostrar', '::1', 'Acceso Vista'),
(1, 0, '2025-04-25 17:36:50', 'Acceso a Modulos / mostrar_modulos', '::1', 'Acceso Vista'),
(1, 0, '2025-04-25 17:36:55', 'Acceso a Rol / mostrar', '::1', 'Acceso Vista'),
(1, 0, '2025-04-25 17:36:55', 'Acceso a Rol / crear_arbol_navbar', '::1', 'Acceso Vista'),
(1, 0, '2025-04-25 17:36:55', 'Acceso a Rol / crear_arbol_navbar', '::1', 'Acceso Vista'),
(1, 0, '2025-04-25 17:36:55', 'Acceso a Rol / listar', '::1', 'Acceso Vista'),
(1, 0, '2025-04-25 17:36:56', 'Acceso a Modulos / mostrar', '::1', 'Acceso Vista'),
(1, 0, '2025-04-25 17:36:56', 'Acceso a Modulos / mostrar_modulos', '::1', 'Acceso Vista'),
(1, 0, '2025-04-25 17:37:10', 'Acceso a Categoria / mostrar', '::1', 'Acceso Vista'),
(1, 0, '2025-04-25 17:37:10', 'Acceso a Categoria / listar', '::1', 'Acceso Vista'),
(1, 0, '2025-04-25 17:53:05', 'Se Produjo Un Error en los Controladores del Sistema', '::1', 'Falla Sistema'),
(1, 0, '2025-04-25 17:54:19', 'Se Produjo Un Error en los Controladores del Sistema', '::1', 'Falla Sistema'),
(1, 0, '2025-04-25 17:54:21', 'Se Produjo Un Error en los Controladores del Sistema', '::1', 'Falla Sistema'),
(1, 0, '2025-04-25 17:54:37', 'Acceso a Banners / mostrar', '::1', 'Acceso Vista'),
(1, 0, '2025-04-25 17:54:37', 'Acceso a Categoria / listar', '::1', 'Acceso Vista'),
(1, 0, '2025-04-26 10:58:59', 'Acceso a Banners / mostrar', '::1', 'Acceso Vista'),
(1, 0, '2025-04-26 10:59:00', 'Acceso a Categoria / listar', '::1', 'Acceso Vista'),
(1, 0, '2025-04-26 11:13:44', 'Acceso a Banners / mostrar', '::1', 'Acceso Vista'),
(1, 0, '2025-04-26 11:13:44', 'Acceso a Categoria / listar', '::1', 'Acceso Vista'),
(1, 0, '2025-04-26 11:40:30', 'Acceso a Banners / mostrar', '::1', 'Acceso Vista'),
(1, 0, '2025-04-26 11:40:32', 'Acceso a Banners / listar', '::1', 'Acceso Vista'),
(1, 0, '2025-04-26 11:40:55', 'Acceso a Banners / mostrar', '::1', 'Acceso Vista'),
(1, 0, '2025-04-26 11:40:55', 'Acceso a Banners / listar', '::1', 'Acceso Vista'),
(1, 0, '2025-04-26 11:41:33', 'Acceso a Banners / mostrar', '::1', 'Acceso Vista'),
(1, 0, '2025-04-26 11:41:34', 'Acceso a Banners / listar', '::1', 'Acceso Vista'),
(1, 0, '2025-04-26 11:42:32', 'Acceso a Banners / mostrar', '::1', 'Acceso Vista'),
(1, 0, '2025-04-26 11:42:32', 'Acceso a Banners / listar', '::1', 'Acceso Vista'),
(1, 0, '2025-04-26 11:43:07', 'Acceso a Banners / mostrar', '::1', 'Acceso Vista'),
(1, 0, '2025-04-26 11:43:07', 'Acceso a Banners / listar', '::1', 'Acceso Vista'),
(1, 0, '2025-04-26 11:44:06', 'Acceso a Banners / mostrar', '::1', 'Acceso Vista'),
(1, 0, '2025-04-26 11:44:07', 'Acceso a Banners / listar', '::1', 'Acceso Vista'),
(1, 0, '2025-04-26 11:44:29', 'Acceso a Banners / mostrar', '::1', 'Acceso Vista'),
(1, 0, '2025-04-26 11:44:29', 'Acceso a Banners / listar', '::1', 'Acceso Vista'),
(1, 0, '2025-04-26 11:44:36', 'Acceso a Banners / mostrar', '::1', 'Acceso Vista'),
(1, 0, '2025-04-26 11:44:36', 'Acceso a Banners / listar', '::1', 'Acceso Vista'),
(1, 0, '2025-04-26 11:46:14', 'Acceso a Banners / mostrar', '::1', 'Acceso Vista'),
(1, 0, '2025-04-26 11:46:15', 'Acceso a Banners / listar', '::1', 'Acceso Vista'),
(1, 0, '2025-04-26 11:46:32', 'Acceso a Banners / mostrar', '::1', 'Acceso Vista'),
(1, 0, '2025-04-26 11:46:32', 'Acceso a Banners / listar', '::1', 'Acceso Vista'),
(1, 0, '2025-04-26 11:46:56', 'Acceso a Banners / mostrar', '::1', 'Acceso Vista'),
(1, 0, '2025-04-26 11:46:56', 'Acceso a Banners / listar', '::1', 'Acceso Vista'),
(1, 0, '2025-04-26 11:50:30', 'Acceso a Banners / mostrar', '::1', 'Acceso Vista'),
(1, 0, '2025-04-26 11:50:31', 'Acceso a Banners / listar', '::1', 'Acceso Vista'),
(1, 0, '2025-04-26 11:50:33', 'Banners Desactivado con ID: 4', '::1', 'Desactivado'),
(1, 0, '2025-04-26 11:50:33', 'Acceso a Banners / activar_desactivar', '::1', 'Acceso Vista'),
(1, 0, '2025-04-26 11:50:33', 'Acceso a Banners / listar', '::1', 'Acceso Vista'),
(1, 0, '2025-04-26 11:50:35', 'Banners activado con ID: 4', '::1', 'Activado'),
(1, 0, '2025-04-26 11:50:35', 'Acceso a Banners / activar_desactivar', '::1', 'Acceso Vista'),
(1, 0, '2025-04-26 11:50:35', 'Acceso a Banners / listar', '::1', 'Acceso Vista'),
(1, 0, '2025-04-26 11:50:37', 'Banners Desactivado con ID: 4', '::1', 'Desactivado'),
(1, 0, '2025-04-26 11:50:37', 'Acceso a Banners / activar_desactivar', '::1', 'Acceso Vista'),
(1, 0, '2025-04-26 11:50:37', 'Acceso a Banners / listar', '::1', 'Acceso Vista'),
(1, 0, '2025-04-26 11:50:39', 'Banners activado con ID: 4', '::1', 'Activado'),
(1, 0, '2025-04-26 11:50:39', 'Acceso a Banners / activar_desactivar', '::1', 'Acceso Vista'),
(1, 0, '2025-04-26 11:50:39', 'Acceso a Banners / listar', '::1', 'Acceso Vista'),
(1, 0, '2025-04-26 11:51:50', 'Acceso a Banners / mostrar', '::1', 'Acceso Vista'),
(1, 0, '2025-04-26 11:51:51', 'Acceso a Banners / listar', '::1', 'Acceso Vista'),
(1, 0, '2025-04-26 11:52:15', 'Acceso a Banners / mostrar', '::1', 'Acceso Vista'),
(1, 0, '2025-04-26 11:52:16', 'Acceso a Banners / listar', '::1', 'Acceso Vista'),
(1, 0, '2025-04-26 11:52:24', 'Acceso a Banners / mostrar', '::1', 'Acceso Vista'),
(1, 0, '2025-04-26 11:52:25', 'Acceso a Banners / listar', '::1', 'Acceso Vista'),
(1, 0, '2025-04-26 11:55:28', 'Acceso a Banners / mostrar', '::1', 'Acceso Vista'),
(1, 0, '2025-04-26 11:55:29', 'Acceso a Banners / listar', '::1', 'Acceso Vista'),
(1, 0, '2025-04-26 11:57:33', 'Acceso a Banners / mostrar', '::1', 'Acceso Vista'),
(1, 0, '2025-04-26 11:57:34', 'Acceso a Banners / listar', '::1', 'Acceso Vista'),
(1, 0, '2025-04-26 11:57:46', 'Acceso a Banners / mostrar', '::1', 'Acceso Vista'),
(1, 0, '2025-04-26 11:57:47', 'Acceso a Banners / listar', '::1', 'Acceso Vista'),
(1, 0, '2025-04-26 11:58:16', 'Acceso a Banners / mostrar', '::1', 'Acceso Vista'),
(1, 0, '2025-04-26 11:58:16', 'Acceso a Banners / listar', '::1', 'Acceso Vista'),
(1, 0, '2025-04-26 11:58:18', 'Acceso a Banners / obtener', '::1', 'Acceso Vista'),
(1, 0, '2025-04-26 11:58:18', 'Se Produjo Un Error en los Controladores del Sistema', '::1', 'Falla Sistema'),
(1, 0, '2025-04-26 12:02:00', 'Acceso a Banners / mostrar', '::1', 'Acceso Vista'),
(1, 0, '2025-04-26 12:02:01', 'Acceso a Banners / listar', '::1', 'Acceso Vista'),
(1, 0, '2025-04-26 12:02:02', 'Acceso a Banners / obtener', '::1', 'Acceso Vista'),
(1, 0, '2025-04-26 12:02:07', 'Acceso a Banners / obtener', '::1', 'Acceso Vista'),
(1, 0, '2025-04-26 12:02:11', 'Acceso a Banners / obtener', '::1', 'Acceso Vista'),
(1, 0, '2025-04-26 12:02:15', 'Acceso a Banners / obtener', '::1', 'Acceso Vista'),
(1, 0, '2025-04-26 12:02:23', 'Acceso a Banners / obtener', '::1', 'Acceso Vista'),
(1, 0, '2025-04-26 12:02:35', 'Acceso a Banners / obtener', '::1', 'Acceso Vista'),
(1, 0, '2025-04-26 12:02:40', 'Acceso a Banners / obtener', '::1', 'Acceso Vista'),
(1, 0, '2025-04-26 12:02:44', 'Acceso a Banners / mostrar', '::1', 'Acceso Vista'),
(1, 0, '2025-04-26 12:02:44', 'Acceso a Banners / listar', '::1', 'Acceso Vista'),
(1, 0, '2025-04-26 12:03:08', 'Error en registrar Banners con ID:', '::1', 'Guardar_Error'),
(1, 0, '2025-04-26 12:03:08', 'Acceso a Banners / guardar_editar', '::1', 'Acceso Vista'),
(1, 0, '2025-04-26 12:03:27', 'Error en registrar Banners con ID:', '::1', 'Guardar_Error'),
(1, 0, '2025-04-26 12:03:27', 'Acceso a Banners / guardar_editar', '::1', 'Acceso Vista'),
(1, 0, '2025-04-26 12:03:48', 'Error en registrar Banners con ID:', '::1', 'Guardar_Error'),
(1, 0, '2025-04-26 12:03:48', 'Acceso a Banners / guardar_editar', '::1', 'Acceso Vista'),
(1, 0, '2025-04-26 12:04:13', 'Insertó Banners con ID:', '::1', 'Guardar'),
(1, 0, '2025-04-26 12:04:13', 'Acceso a Banners / guardar_editar', '::1', 'Acceso Vista'),
(1, 0, '2025-04-26 12:04:13', 'Acceso a Banners / listar', '::1', 'Acceso Vista'),
(1, 0, '2025-04-26 12:04:22', 'Banners Desactivado con ID: 9', '::1', 'Desactivado'),
(1, 0, '2025-04-26 12:04:22', 'Acceso a Banners / activar_desactivar', '::1', 'Acceso Vista'),
(1, 0, '2025-04-26 12:04:22', 'Acceso a Banners / listar', '::1', 'Acceso Vista'),
(1, 0, '2025-04-26 12:04:23', 'Banners activado con ID: 9', '::1', 'Activado'),
(1, 0, '2025-04-26 12:04:23', 'Acceso a Banners / activar_desactivar', '::1', 'Acceso Vista'),
(1, 0, '2025-04-26 12:04:23', 'Acceso a Banners / listar', '::1', 'Acceso Vista'),
(1, 0, '2025-04-26 12:04:23', 'Acceso a Banners / obtener', '::1', 'Acceso Vista'),
(1, 0, '2025-04-26 12:04:31', 'Editó Banners con ID:9', '::1', 'Editar'),
(1, 0, '2025-04-26 12:04:31', 'Acceso a Banners / guardar_editar', '::1', 'Acceso Vista'),
(1, 0, '2025-04-26 12:04:31', 'Acceso a Banners / listar', '::1', 'Acceso Vista'),
(1, 0, '2025-04-26 12:04:34', 'Acceso a Banners / obtener', '::1', 'Acceso Vista'),
(1, 0, '2025-04-26 12:04:49', 'Editó Banners con ID:9', '::1', 'Editar'),
(1, 0, '2025-04-26 12:04:49', 'Acceso a Banners / guardar_editar', '::1', 'Acceso Vista'),
(1, 0, '2025-04-26 12:04:49', 'Acceso a Banners / listar', '::1', 'Acceso Vista'),
(1, 0, '2025-04-26 12:05:20', 'Acceso a Banners / mostrar', '::1', 'Acceso Vista'),
(1, 0, '2025-04-26 12:05:21', 'Acceso a Banners / listar', '::1', 'Acceso Vista'),
(1, 0, '2025-04-26 12:11:03', 'Acceso a Banners / mostrar', '::1', 'Acceso Vista'),
(1, 0, '2025-04-26 12:11:03', 'Acceso a Banners / listar', '::1', 'Acceso Vista'),
(1, 0, '2025-04-26 12:11:07', 'Se Produjo Un Error en los Controladores del Sistema', '::1', 'Falla Sistema'),
(1, 0, '2025-04-26 12:11:09', 'Acceso a Banners / mostrar', '::1', 'Acceso Vista'),
(1, 0, '2025-04-26 12:11:09', 'Acceso a Banners / listar', '::1', 'Acceso Vista'),
(1, 0, '2025-04-26 12:11:38', 'Acceso a Banners / mostrar', '::1', 'Acceso Vista'),
(1, 0, '2025-04-26 12:11:38', 'Acceso a Banners / listar', '::1', 'Acceso Vista'),
(1, 0, '2025-04-26 12:11:46', 'Se Produjo Un Error en los Controladores del Sistema', '::1', 'Falla Sistema'),
(1, 0, '2025-04-26 12:11:47', 'Acceso a Banners / mostrar', '::1', 'Acceso Vista'),
(1, 0, '2025-04-26 12:11:47', 'Acceso a Banners / listar', '::1', 'Acceso Vista'),
(1, 0, '2025-04-26 12:12:35', 'Acceso a Banners / mostrar', '::1', 'Acceso Vista'),
(1, 0, '2025-04-26 12:12:36', 'Acceso a Banners / listar', '::1', 'Acceso Vista'),
(1, 0, '2025-04-26 12:12:38', 'Acceso a Eventos / mostrar', '::1', 'Acceso Vista'),
(1, 0, '2025-04-26 12:12:39', 'Acceso a Locales / listar', '::1', 'Acceso Vista'),
(1, 0, '2025-04-26 12:12:44', 'Acceso a Modulos / mostrar', '::1', 'Acceso Vista'),
(1, 0, '2025-04-26 12:12:44', 'Acceso a Modulos / mostrar_modulos', '::1', 'Acceso Vista'),
(1, 0, '2025-04-26 12:12:46', 'Acceso a Modulos / mostrar_opciones_x_modulos', '::1', 'Acceso Vista'),
(1, 0, '2025-04-26 12:12:52', 'Editó Opcion con ID:12', '::1', 'ok'),
(1, 0, '2025-04-26 12:12:52', 'Acceso a Modulos / guardar_editar_opcion', '::1', 'Acceso Vista'),
(1, 0, '2025-04-26 12:12:52', 'Acceso a Modulos / mostrar_opciones_x_modulos', '::1', 'Acceso Vista'),
(1, 0, '2025-04-26 12:12:54', 'Acceso a Modulos / mostrar', '::1', 'Acceso Vista'),
(1, 0, '2025-04-26 12:12:54', 'Acceso a Modulos / mostrar_modulos', '::1', 'Acceso Vista'),
(1, 0, '2025-04-26 12:13:04', 'Editó Modulo con ID:10', '::1', 'ok'),
(1, 0, '2025-04-26 12:13:04', 'Acceso a Modulos / guardar_editar_modulo', '::1', 'Acceso Vista'),
(1, 0, '2025-04-26 12:13:04', 'Acceso a Modulos / mostrar_modulos', '::1', 'Acceso Vista'),
(1, 0, '2025-04-26 12:13:05', 'Acceso a Modulos / mostrar', '::1', 'Acceso Vista'),
(1, 0, '2025-04-26 12:13:05', 'Acceso a Modulos / mostrar_modulos', '::1', 'Acceso Vista'),
(1, 0, '2025-04-26 12:13:08', 'Acceso a Eventos / mostrar', '::1', 'Acceso Vista'),
(1, 0, '2025-04-26 12:13:08', 'Acceso a Locales / listar', '::1', 'Acceso Vista'),
(1, 0, '2025-04-26 12:16:04', 'Acceso a Eventos / mostrar', '::1', 'Acceso Vista'),
(1, 0, '2025-04-26 12:16:04', 'Acceso a Locales / listar', '::1', 'Acceso Vista'),
(1, 0, '2025-04-26 12:18:19', 'Acceso a Eventos / mostrar', '::1', 'Acceso Vista'),
(1, 0, '2025-04-26 12:18:19', 'Acceso a Categoria / listar', '::1', 'Acceso Vista'),
(1, 0, '2025-04-26 12:21:55', 'Acceso a Eventos / mostrar', '::1', 'Acceso Vista'),
(1, 0, '2025-04-26 12:21:56', 'Acceso a Categoria / listar', '::1', 'Acceso Vista'),
(1, 0, '2025-04-26 12:22:28', 'Acceso a Eventos / mostrar', '::1', 'Acceso Vista'),
(1, 0, '2025-04-26 12:22:28', 'Acceso a Eventos / listar', '::1', 'Acceso Vista'),
(1, 0, '2025-04-26 12:23:39', 'Acceso a Eventos / mostrar', '::1', 'Acceso Vista'),
(1, 0, '2025-04-26 12:23:39', 'Acceso a Eventos / listar', '::1', 'Acceso Vista'),
(1, 0, '2025-04-26 12:23:55', 'Acceso a Artistas / mostrar', '::1', 'Acceso Vista'),
(1, 0, '2025-04-26 12:23:56', 'Acceso a Artistas / listar', '::1', 'Acceso Vista'),
(1, 0, '2025-04-26 12:23:58', 'Acceso a Eventos / mostrar', '::1', 'Acceso Vista'),
(1, 0, '2025-04-26 12:23:58', 'Acceso a Eventos / listar', '::1', 'Acceso Vista'),
(1, 0, '2025-04-26 12:24:29', 'Acceso a Eventos / mostrar', '::1', 'Acceso Vista'),
(1, 0, '2025-04-26 12:24:29', 'Acceso a Eventos / listar', '::1', 'Acceso Vista'),
(1, 0, '2025-04-26 12:26:06', 'Acceso a Eventos / mostrar', '::1', 'Acceso Vista'),
(1, 0, '2025-04-26 12:26:07', 'Acceso a Eventos / listar', '::1', 'Acceso Vista'),
(1, 0, '2025-04-26 12:26:15', 'Acceso a Eventos / mostrar', '::1', 'Acceso Vista'),
(1, 0, '2025-04-26 12:26:15', 'Acceso a Eventos / listar', '::1', 'Acceso Vista'),
(1, 0, '2025-04-26 12:27:15', 'Acceso a Eventos / mostrar', '::1', 'Acceso Vista'),
(1, 0, '2025-04-26 12:27:16', 'Acceso a Eventos / listar', '::1', 'Acceso Vista'),
(1, 0, '2025-04-26 12:27:37', 'Acceso a Eventos / mostrar', '::1', 'Acceso Vista'),
(1, 0, '2025-04-26 12:27:37', 'Acceso a Eventos / listar', '::1', 'Acceso Vista'),
(1, 0, '2025-04-26 12:27:47', 'Acceso a Eventos / mostrar', '::1', 'Acceso Vista'),
(1, 0, '2025-04-26 12:27:47', 'Acceso a Eventos / listar', '::1', 'Acceso Vista'),
(1, 0, '2025-04-26 12:28:33', 'Acceso a Eventos / mostrar', '::1', 'Acceso Vista'),
(1, 0, '2025-04-26 12:28:34', 'Acceso a Eventos / listar', '::1', 'Acceso Vista'),
(1, 0, '2025-04-26 12:29:49', 'Acceso a Eventos / mostrar', '::1', 'Acceso Vista'),
(1, 0, '2025-04-26 12:29:50', 'Acceso a Eventos / listar', '::1', 'Acceso Vista'),
(1, 0, '2025-04-26 12:30:06', 'Acceso a Eventos / mostrar', '::1', 'Acceso Vista'),
(1, 0, '2025-04-26 12:30:07', 'Acceso a Eventos / listar', '::1', 'Acceso Vista'),
(1, 0, '2025-04-26 12:31:24', 'Acceso a Eventos / mostrar', '::1', 'Acceso Vista'),
(1, 0, '2025-04-26 12:31:24', 'Acceso a Eventos / listar', '::1', 'Acceso Vista'),
(1, 0, '2025-04-26 12:32:58', 'Acceso a Eventos / mostrar', '::1', 'Acceso Vista'),
(1, 0, '2025-04-26 12:32:59', 'Acceso a Eventos / listar', '::1', 'Acceso Vista'),
(1, 0, '2025-04-26 12:34:32', 'Acceso a Eventos / mostrar', '::1', 'Acceso Vista'),
(1, 0, '2025-04-26 12:34:33', 'Acceso a Eventos / listar', '::1', 'Acceso Vista'),
(1, 0, '2025-04-26 12:35:19', 'Acceso a Eventos / mostrar', '::1', 'Acceso Vista'),
(1, 0, '2025-04-26 12:35:19', 'Acceso a Eventos / listar', '::1', 'Acceso Vista'),
(1, 0, '2025-04-26 12:35:21', 'Acceso a Eventos / mostrar', '::1', 'Acceso Vista'),
(1, 0, '2025-04-26 12:35:22', 'Acceso a Eventos / mostrar', '::1', 'Acceso Vista'),
(1, 0, '2025-04-26 12:35:22', 'Acceso a Eventos / listar', '::1', 'Acceso Vista'),
(1, 0, '2025-04-26 12:35:52', 'Acceso a Eventos / mostrar', '::1', 'Acceso Vista'),
(1, 0, '2025-04-26 12:35:52', 'Acceso a Eventos / listar', '::1', 'Acceso Vista'),
(1, 0, '2025-04-26 12:36:46', 'Acceso a Eventos / mostrar', '::1', 'Acceso Vista'),
(1, 0, '2025-04-26 12:36:47', 'Acceso a Eventos / listar', '::1', 'Acceso Vista'),
(1, 0, '2025-04-26 12:37:05', 'Acceso a Eventos / mostrar', '::1', 'Acceso Vista'),
(1, 0, '2025-04-26 12:37:06', 'Acceso a Eventos / listar', '::1', 'Acceso Vista'),
(1, 0, '2025-04-26 12:37:29', 'Acceso a Eventos / mostrar', '::1', 'Acceso Vista'),
(1, 0, '2025-04-26 12:37:29', 'Acceso a Eventos / listar', '::1', 'Acceso Vista'),
(1, 0, '2025-04-26 12:37:38', 'Acceso a Eventos / mostrar', '::1', 'Acceso Vista'),
(1, 0, '2025-04-26 12:37:39', 'Acceso a Eventos / listar', '::1', 'Acceso Vista'),
(1, 0, '2025-04-26 12:37:41', 'Acceso a Eventos / mostrar', '::1', 'Acceso Vista'),
(1, 0, '2025-04-26 12:37:42', 'Acceso a Eventos / listar', '::1', 'Acceso Vista'),
(1, 0, '2025-04-26 13:01:40', 'Acceso a Eventos / mostrar', '::1', 'Acceso Vista'),
(1, 0, '2025-04-26 13:01:41', 'Acceso a Eventos / listar', '::1', 'Acceso Vista'),
(1, 0, '2025-04-26 13:01:49', 'Acceso a Eventos / mostrar', '::1', 'Acceso Vista'),
(1, 0, '2025-04-26 13:01:49', 'Acceso a Eventos / listar', '::1', 'Acceso Vista'),
(1, 0, '2025-04-26 13:07:36', 'Acceso a Eventos / mostrar', '::1', 'Acceso Vista'),
(1, 0, '2025-04-26 13:07:37', 'Acceso a Eventos / listar', '::1', 'Acceso Vista'),
(1, 0, '2025-04-26 13:08:07', 'Acceso a Eventos / mostrar', '::1', 'Acceso Vista');
INSERT INTO `bitacora` (`usu_id`, `suc_id`, `bit_fecha`, `bit_accion`, `bit_ip`, `bit_tipo`) VALUES
(1, 0, '2025-04-26 13:08:07', 'Acceso a Eventos / listar', '::1', 'Acceso Vista'),
(1, 0, '2025-04-26 13:12:15', 'Acceso a Eventos / mostrar', '::1', 'Acceso Vista'),
(1, 0, '2025-04-26 13:12:15', 'Acceso a Eventos / listar', '::1', 'Acceso Vista'),
(1, 0, '2025-04-26 13:13:54', 'Acceso a Eventos / mostrar', '::1', 'Acceso Vista'),
(1, 0, '2025-04-26 13:13:55', 'Acceso a Eventos / listar', '::1', 'Acceso Vista'),
(1, 0, '2025-04-26 13:14:23', 'Acceso a Eventos / mostrar', '::1', 'Acceso Vista'),
(1, 0, '2025-04-26 13:14:23', 'Acceso a Eventos / listar', '::1', 'Acceso Vista'),
(1, 0, '2025-04-26 13:35:00', 'Acceso a Eventos / mostrar', '::1', 'Acceso Vista'),
(1, 0, '2025-04-26 13:35:00', 'Acceso a Eventos / listar', '::1', 'Acceso Vista'),
(1, 0, '2025-04-26 13:35:30', 'Acceso a Eventos / mostrar', '::1', 'Acceso Vista'),
(1, 0, '2025-04-26 13:35:31', 'Acceso a Eventos / listar', '::1', 'Acceso Vista'),
(1, 0, '2025-04-26 13:35:39', 'Acceso a Eventos / mostrar', '::1', 'Acceso Vista'),
(1, 0, '2025-04-26 13:35:39', 'Acceso a Eventos / listar', '::1', 'Acceso Vista'),
(1, 0, '2025-04-26 13:35:47', 'Acceso a Eventos / mostrar', '::1', 'Acceso Vista'),
(1, 0, '2025-04-26 13:35:47', 'Acceso a Eventos / listar', '::1', 'Acceso Vista'),
(1, 0, '2025-04-26 13:37:57', 'Acceso a Eventos / mostrar', '::1', 'Acceso Vista'),
(1, 0, '2025-04-26 13:37:57', 'Acceso a Eventos / listar', '::1', 'Acceso Vista'),
(1, 0, '2025-04-26 13:38:10', 'Acceso a Eventos / mostrar', '::1', 'Acceso Vista'),
(1, 0, '2025-04-26 13:38:11', 'Acceso a Eventos / listar', '::1', 'Acceso Vista'),
(1, 0, '2025-04-26 13:38:21', 'Acceso a Eventos / mostrar', '::1', 'Acceso Vista'),
(1, 0, '2025-04-26 13:38:22', 'Acceso a Eventos / listar', '::1', 'Acceso Vista'),
(1, 0, '2025-04-26 13:38:31', 'Acceso a Eventos / mostrar', '::1', 'Acceso Vista'),
(1, 0, '2025-04-26 13:38:32', 'Acceso a Eventos / listar', '::1', 'Acceso Vista'),
(1, 0, '2025-04-26 13:40:12', 'Acceso a Eventos / mostrar', '::1', 'Acceso Vista'),
(1, 0, '2025-04-26 13:40:12', 'Acceso a Eventos / listar', '::1', 'Acceso Vista'),
(1, 0, '2025-04-26 13:41:34', 'Acceso a Eventos / mostrar', '::1', 'Acceso Vista'),
(1, 0, '2025-04-26 13:41:35', 'Acceso a Eventos / listar', '::1', 'Acceso Vista'),
(1, 0, '2025-04-26 13:41:41', 'Acceso a Eventos / mostrar', '::1', 'Acceso Vista'),
(1, 0, '2025-04-26 13:41:41', 'Acceso a Eventos / mostrar', '::1', 'Acceso Vista'),
(1, 0, '2025-04-26 13:41:42', 'Acceso a Eventos / listar', '::1', 'Acceso Vista'),
(1, 0, '2025-04-26 13:42:24', 'Acceso a Eventos / mostrar', '::1', 'Acceso Vista'),
(1, 0, '2025-04-26 13:42:24', 'Acceso a Eventos / listar', '::1', 'Acceso Vista'),
(1, 0, '2025-04-26 13:43:23', 'Acceso a Eventos / mostrar', '::1', 'Acceso Vista'),
(1, 0, '2025-04-26 13:43:23', 'Acceso a Eventos / listar', '::1', 'Acceso Vista'),
(1, 0, '2025-04-26 13:43:56', 'Acceso a Eventos / mostrar', '::1', 'Acceso Vista'),
(1, 0, '2025-04-26 13:43:56', 'Acceso a Eventos / listar', '::1', 'Acceso Vista'),
(1, 0, '2025-04-26 13:44:07', 'Acceso a Eventos / mostrar', '::1', 'Acceso Vista'),
(1, 0, '2025-04-26 13:44:07', 'Acceso a Eventos / listar', '::1', 'Acceso Vista'),
(1, 0, '2025-04-26 13:49:45', 'Acceso a Eventos / mostrar', '::1', 'Acceso Vista'),
(1, 0, '2025-04-26 13:49:46', 'Acceso a Eventos / listar', '::1', 'Acceso Vista'),
(1, 0, '2025-04-26 13:50:13', 'Acceso a Eventos / mostrar', '::1', 'Acceso Vista'),
(1, 0, '2025-04-26 13:50:14', 'Acceso a Eventos / listar', '::1', 'Acceso Vista'),
(1, 0, '2025-04-26 13:50:27', 'Acceso a Eventos / mostrar', '::1', 'Acceso Vista'),
(1, 0, '2025-04-26 13:50:28', 'Acceso a Eventos / listar', '::1', 'Acceso Vista'),
(1, 0, '2025-04-26 14:08:26', 'Acceso a Eventos / mostrar', '::1', 'Acceso Vista'),
(1, 0, '2025-04-26 14:08:27', 'Acceso a Eventos / listar', '::1', 'Acceso Vista'),
(1, 0, '2025-04-26 14:08:28', 'Eventos Desactivado con ID: 14', '::1', 'Desactivado'),
(1, 0, '2025-04-26 14:08:28', 'Acceso a Eventos / activar_desactivar', '::1', 'Acceso Vista'),
(1, 0, '2025-04-26 14:08:28', 'Acceso a Eventos / listar', '::1', 'Acceso Vista'),
(1, 0, '2025-04-26 14:08:30', 'Eventos Desactivado con ID: 14', '::1', 'Desactivado'),
(1, 0, '2025-04-26 14:08:30', 'Acceso a Eventos / activar_desactivar', '::1', 'Acceso Vista'),
(1, 0, '2025-04-26 14:08:31', 'Acceso a Eventos / listar', '::1', 'Acceso Vista'),
(1, 0, '2025-04-26 14:08:31', 'Acceso a Eventos / mostrar', '::1', 'Acceso Vista'),
(1, 0, '2025-04-26 14:08:32', 'Acceso a Eventos / listar', '::1', 'Acceso Vista'),
(1, 0, '2025-04-26 14:08:35', 'Eventos Desactivado con ID: 14', '::1', 'Desactivado'),
(1, 0, '2025-04-26 14:08:35', 'Acceso a Eventos / activar_desactivar', '::1', 'Acceso Vista'),
(1, 0, '2025-04-26 14:08:35', 'Acceso a Eventos / listar', '::1', 'Acceso Vista'),
(1, 0, '2025-04-26 14:09:06', 'Acceso a Eventos / mostrar', '::1', 'Acceso Vista'),
(1, 0, '2025-04-26 14:09:07', 'Acceso a Eventos / listar', '::1', 'Acceso Vista'),
(1, 0, '2025-04-26 14:09:09', 'Eventos Desactivado con ID: 14', '::1', 'Desactivado'),
(1, 0, '2025-04-26 14:09:09', 'Acceso a Eventos / activar_desactivar', '::1', 'Acceso Vista'),
(1, 0, '2025-04-26 14:09:10', 'Acceso a Eventos / listar', '::1', 'Acceso Vista'),
(1, 0, '2025-04-26 14:09:13', 'Eventos Desactivado con ID: 14', '::1', 'Desactivado'),
(1, 0, '2025-04-26 14:09:13', 'Acceso a Eventos / activar_desactivar', '::1', 'Acceso Vista'),
(1, 0, '2025-04-26 14:09:14', 'Acceso a Eventos / listar', '::1', 'Acceso Vista'),
(1, 0, '2025-04-26 14:09:31', 'Eventos Desactivado con ID: 14', '::1', 'Desactivado'),
(1, 0, '2025-04-26 14:09:31', 'Acceso a Eventos / activar_desactivar', '::1', 'Acceso Vista'),
(1, 0, '2025-04-26 14:09:31', 'Acceso a Eventos / listar', '::1', 'Acceso Vista'),
(1, 0, '2025-04-26 14:09:48', 'Acceso a Eventos / mostrar', '::1', 'Acceso Vista'),
(1, 0, '2025-04-26 14:09:49', 'Acceso a Eventos / listar', '::1', 'Acceso Vista'),
(1, 0, '2025-04-26 14:09:51', 'Eventos Desactivado con ID: 14', '::1', 'Desactivado'),
(1, 0, '2025-04-26 14:09:51', 'Acceso a Eventos / activar_desactivar', '::1', 'Acceso Vista'),
(1, 0, '2025-04-26 14:09:51', 'Acceso a Eventos / listar', '::1', 'Acceso Vista'),
(1, 0, '2025-04-26 14:10:33', 'Acceso a Eventos / mostrar', '::1', 'Acceso Vista'),
(1, 0, '2025-04-26 14:10:34', 'Acceso a Eventos / listar', '::1', 'Acceso Vista'),
(1, 0, '2025-04-26 14:10:35', 'Eventos activado con ID: 14', '::1', 'Activado'),
(1, 0, '2025-04-26 14:10:35', 'Acceso a Eventos / activar_desactivar', '::1', 'Acceso Vista'),
(1, 0, '2025-04-26 14:10:35', 'Acceso a Eventos / listar', '::1', 'Acceso Vista'),
(1, 0, '2025-04-26 14:10:37', 'Eventos Desactivado con ID: 14', '::1', 'Desactivado'),
(1, 0, '2025-04-26 14:10:37', 'Acceso a Eventos / activar_desactivar', '::1', 'Acceso Vista'),
(1, 0, '2025-04-26 14:10:37', 'Acceso a Eventos / listar', '::1', 'Acceso Vista'),
(1, 0, '2025-04-26 14:10:43', 'Acceso a Eventos / mostrar', '::1', 'Acceso Vista'),
(1, 0, '2025-04-26 14:10:43', 'Acceso a Eventos / listar', '::1', 'Acceso Vista'),
(1, 0, '2025-04-26 14:11:04', 'Acceso a Eventos / mostrar', '::1', 'Acceso Vista'),
(1, 0, '2025-04-26 14:11:04', 'Acceso a Eventos / listar', '::1', 'Acceso Vista'),
(1, 0, '2025-04-26 14:17:56', 'Acceso a Eventos / mostrar', '::1', 'Acceso Vista'),
(1, 0, '2025-04-26 14:17:57', 'Acceso a Eventos / obtener_locales', '::1', 'Acceso Vista'),
(1, 0, '2025-04-26 14:17:57', 'Acceso a Eventos / listar', '::1', 'Acceso Vista'),
(1, 0, '2025-04-26 14:19:35', 'Acceso a Eventos / mostrar', '::1', 'Acceso Vista'),
(1, 0, '2025-04-26 14:19:36', 'Acceso a Eventos / obtener_categorias', '::1', 'Acceso Vista'),
(1, 0, '2025-04-26 14:19:36', 'Acceso a Eventos / obtener_locales', '::1', 'Acceso Vista'),
(1, 0, '2025-04-26 14:19:36', 'Acceso a Eventos / listar', '::1', 'Acceso Vista'),
(1, 0, '2025-04-26 14:24:26', 'Acceso a Eventos / mostrar', '::1', 'Acceso Vista'),
(1, 0, '2025-04-26 14:24:27', 'Acceso a Eventos / obtener_locales', '::1', 'Acceso Vista'),
(1, 0, '2025-04-26 14:24:27', 'Acceso a Eventos / obtener_categorias', '::1', 'Acceso Vista'),
(1, 0, '2025-04-26 14:24:27', 'Acceso a Eventos / listar', '::1', 'Acceso Vista'),
(1, 0, '2025-04-26 14:26:38', 'Error en registrar Eventos con ID:', '::1', 'Guardar_Error'),
(1, 0, '2025-04-26 14:26:38', 'Acceso a Eventos / guardar_editar', '::1', 'Acceso Vista'),
(1, 0, '2025-04-26 14:26:57', 'Error en registrar Eventos con ID:', '::1', 'Guardar_Error'),
(1, 0, '2025-04-26 14:26:57', 'Acceso a Eventos / guardar_editar', '::1', 'Acceso Vista'),
(1, 0, '2025-04-26 14:27:03', 'Error en registrar Eventos con ID:', '::1', 'Guardar_Error'),
(1, 0, '2025-04-26 14:27:03', 'Acceso a Eventos / guardar_editar', '::1', 'Acceso Vista'),
(1, 0, '2025-04-26 14:27:51', 'Error en registrar Eventos con ID:', '::1', 'Guardar_Error'),
(1, 0, '2025-04-26 14:27:51', 'Acceso a Eventos / guardar_editar', '::1', 'Acceso Vista'),
(1, 0, '2025-04-26 14:28:03', 'Error en registrar Eventos con ID:', '::1', 'Guardar_Error'),
(1, 0, '2025-04-26 14:28:03', 'Acceso a Eventos / guardar_editar', '::1', 'Acceso Vista'),
(1, 0, '2025-04-26 14:28:15', 'Error en registrar Eventos con ID:', '::1', 'Guardar_Error'),
(1, 0, '2025-04-26 14:28:15', 'Acceso a Eventos / guardar_editar', '::1', 'Acceso Vista'),
(1, 0, '2025-04-26 14:29:39', 'Error en registrar Eventos con ID:', '::1', 'Guardar_Error'),
(1, 0, '2025-04-26 14:29:39', 'Acceso a Eventos / guardar_editar', '::1', 'Acceso Vista'),
(1, 0, '2025-04-26 14:29:50', 'Error en registrar Eventos con ID:', '::1', 'Guardar_Error'),
(1, 0, '2025-04-26 14:29:50', 'Acceso a Eventos / guardar_editar', '::1', 'Acceso Vista'),
(1, 0, '2025-04-26 14:29:57', 'Error en registrar Eventos con ID:', '::1', 'Guardar_Error'),
(1, 0, '2025-04-26 14:29:57', 'Acceso a Eventos / guardar_editar', '::1', 'Acceso Vista'),
(1, 0, '2025-04-26 14:30:24', 'Error en registrar Eventos con ID:', '::1', 'Guardar_Error'),
(1, 0, '2025-04-26 14:30:24', 'Acceso a Eventos / guardar_editar', '::1', 'Acceso Vista'),
(1, 0, '2025-04-26 14:32:10', 'Error en registrar Eventos con ID:', '::1', 'Guardar_Error'),
(1, 0, '2025-04-26 14:32:10', 'Acceso a Eventos / guardar_editar', '::1', 'Acceso Vista'),
(1, 0, '2025-04-26 14:32:16', 'Error en registrar Eventos con ID:', '::1', 'Guardar_Error'),
(1, 0, '2025-04-26 14:32:16', 'Acceso a Eventos / guardar_editar', '::1', 'Acceso Vista'),
(1, 0, '2025-04-26 14:32:36', 'Error en registrar Eventos con ID:', '::1', 'Guardar_Error'),
(1, 0, '2025-04-26 14:32:36', 'Acceso a Eventos / guardar_editar', '::1', 'Acceso Vista'),
(1, 0, '2025-04-26 14:32:51', 'Error en registrar Eventos con ID:', '::1', 'Guardar_Error'),
(1, 0, '2025-04-26 14:32:51', 'Acceso a Eventos / guardar_editar', '::1', 'Acceso Vista'),
(1, 0, '2025-04-26 14:33:59', 'Error en registrar Eventos con ID:', '::1', 'Guardar_Error'),
(1, 0, '2025-04-26 14:33:59', 'Acceso a Eventos / guardar_editar', '::1', 'Acceso Vista'),
(1, 0, '2025-04-26 14:34:06', 'Error en registrar Eventos con ID:', '::1', 'Guardar_Error'),
(1, 0, '2025-04-26 14:34:06', 'Acceso a Eventos / guardar_editar', '::1', 'Acceso Vista'),
(1, 0, '2025-04-26 14:35:11', 'Insertó Eventos con ID:', '::1', 'Guardar'),
(1, 0, '2025-04-26 14:35:11', 'Acceso a Eventos / guardar_editar', '::1', 'Acceso Vista'),
(1, 0, '2025-04-26 14:35:11', 'Acceso a Eventos / listar', '::1', 'Acceso Vista'),
(1, 0, '2025-04-26 14:35:26', 'Acceso a Eventos / mostrar', '::1', 'Acceso Vista'),
(1, 0, '2025-04-26 14:35:26', 'Acceso a Eventos / obtener_categorias', '::1', 'Acceso Vista'),
(1, 0, '2025-04-26 14:35:26', 'Acceso a Eventos / obtener_locales', '::1', 'Acceso Vista'),
(1, 0, '2025-04-26 14:35:26', 'Acceso a Eventos / listar', '::1', 'Acceso Vista'),
(1, 0, '2025-04-26 14:35:32', 'Eventos Desactivado con ID: 33', '::1', 'Desactivado'),
(1, 0, '2025-04-26 14:35:32', 'Acceso a Eventos / activar_desactivar', '::1', 'Acceso Vista'),
(1, 0, '2025-04-26 14:35:33', 'Acceso a Eventos / listar', '::1', 'Acceso Vista'),
(1, 0, '2025-04-26 14:41:24', 'Acceso a Eventos / mostrar', '::1', 'Acceso Vista'),
(1, 0, '2025-04-26 14:41:24', 'Acceso a Eventos / obtener_categorias', '::1', 'Acceso Vista'),
(1, 0, '2025-04-26 14:41:24', 'Acceso a Eventos / obtener_locales', '::1', 'Acceso Vista'),
(1, 0, '2025-04-26 14:41:24', 'Acceso a Eventos / listar', '::1', 'Acceso Vista'),
(1, 0, '2025-04-26 14:43:23', 'Acceso a Eventos / mostrar', '::1', 'Acceso Vista'),
(1, 0, '2025-04-26 14:43:24', 'Acceso a Eventos / obtener_locales', '::1', 'Acceso Vista'),
(1, 0, '2025-04-26 14:43:24', 'Acceso a Eventos / obtener_categorias', '::1', 'Acceso Vista'),
(1, 0, '2025-04-26 14:43:24', 'Acceso a Eventos / listar', '::1', 'Acceso Vista'),
(1, 0, '2025-04-26 14:43:37', 'Acceso a Eventos / mostrar', '::1', 'Acceso Vista'),
(1, 0, '2025-04-26 14:43:37', 'Acceso a Eventos / obtener_locales', '::1', 'Acceso Vista'),
(1, 0, '2025-04-26 14:43:37', 'Acceso a Eventos / obtener_categorias', '::1', 'Acceso Vista'),
(1, 0, '2025-04-26 14:43:37', 'Acceso a Eventos / listar', '::1', 'Acceso Vista'),
(1, 0, '2025-04-26 14:44:06', 'Acceso a Eventos / mostrar', '::1', 'Acceso Vista'),
(1, 0, '2025-04-26 14:44:07', 'Acceso a Eventos / obtener_locales', '::1', 'Acceso Vista'),
(1, 0, '2025-04-26 14:44:07', 'Acceso a Eventos / obtener_categorias', '::1', 'Acceso Vista'),
(1, 0, '2025-04-26 14:44:07', 'Acceso a Eventos / listar', '::1', 'Acceso Vista'),
(1, 0, '2025-04-26 14:44:24', 'Acceso a Eventos / mostrar', '::1', 'Acceso Vista'),
(1, 0, '2025-04-26 14:44:24', 'Acceso a Eventos / obtener_categorias', '::1', 'Acceso Vista'),
(1, 0, '2025-04-26 14:44:24', 'Acceso a Eventos / obtener_locales', '::1', 'Acceso Vista'),
(1, 0, '2025-04-26 14:44:24', 'Acceso a Eventos / listar', '::1', 'Acceso Vista'),
(1, 0, '2025-04-26 14:44:39', 'Acceso a Eventos / mostrar', '::1', 'Acceso Vista'),
(1, 0, '2025-04-26 14:44:39', 'Acceso a Eventos / obtener_locales', '::1', 'Acceso Vista'),
(1, 0, '2025-04-26 14:44:39', 'Acceso a Eventos / obtener_categorias', '::1', 'Acceso Vista'),
(1, 0, '2025-04-26 14:44:39', 'Acceso a Eventos / listar', '::1', 'Acceso Vista'),
(1, 0, '2025-04-26 14:47:16', 'Acceso a Eventos / mostrar', '::1', 'Acceso Vista'),
(1, 0, '2025-04-26 14:47:17', 'Acceso a Eventos / obtener_locales', '::1', 'Acceso Vista'),
(1, 0, '2025-04-26 14:47:17', 'Acceso a Eventos / obtener_categorias', '::1', 'Acceso Vista'),
(1, 0, '2025-04-26 14:47:17', 'Acceso a Eventos / listar', '::1', 'Acceso Vista'),
(1, 0, '2025-04-26 14:47:27', 'Acceso a Eventos / mostrar', '::1', 'Acceso Vista'),
(1, 0, '2025-04-26 14:47:27', 'Acceso a Eventos / obtener_locales', '::1', 'Acceso Vista'),
(1, 0, '2025-04-26 14:47:27', 'Acceso a Eventos / obtener_categorias', '::1', 'Acceso Vista'),
(1, 0, '2025-04-26 14:47:27', 'Acceso a Eventos / listar', '::1', 'Acceso Vista'),
(1, 0, '2025-04-26 14:47:45', 'Acceso a Eventos / mostrar', '::1', 'Acceso Vista'),
(1, 0, '2025-04-26 14:47:45', 'Acceso a Eventos / obtener_locales', '::1', 'Acceso Vista'),
(1, 0, '2025-04-26 14:47:45', 'Acceso a Eventos / obtener_categorias', '::1', 'Acceso Vista'),
(1, 0, '2025-04-26 14:47:45', 'Acceso a Eventos / listar', '::1', 'Acceso Vista'),
(1, 0, '2025-04-26 14:47:57', 'Acceso a Eventos / mostrar', '::1', 'Acceso Vista'),
(1, 0, '2025-04-26 14:47:58', 'Acceso a Eventos / obtener_categorias', '::1', 'Acceso Vista'),
(1, 0, '2025-04-26 14:47:58', 'Acceso a Eventos / obtener_locales', '::1', 'Acceso Vista'),
(1, 0, '2025-04-26 14:47:58', 'Acceso a Eventos / listar', '::1', 'Acceso Vista'),
(1, 0, '2025-04-26 14:48:19', 'Acceso a Eventos / mostrar', '::1', 'Acceso Vista'),
(1, 0, '2025-04-26 14:48:19', 'Acceso a Eventos / obtener_locales', '::1', 'Acceso Vista'),
(1, 0, '2025-04-26 14:48:19', 'Acceso a Eventos / obtener_categorias', '::1', 'Acceso Vista'),
(1, 0, '2025-04-26 14:48:19', 'Acceso a Eventos / listar', '::1', 'Acceso Vista'),
(1, 0, '2025-04-26 14:48:28', 'Acceso a Eventos / mostrar', '::1', 'Acceso Vista'),
(1, 0, '2025-04-26 14:48:29', 'Acceso a Eventos / obtener_locales', '::1', 'Acceso Vista'),
(1, 0, '2025-04-26 14:48:29', 'Acceso a Eventos / obtener_categorias', '::1', 'Acceso Vista'),
(1, 0, '2025-04-26 14:48:29', 'Acceso a Eventos / listar', '::1', 'Acceso Vista'),
(1, 0, '2025-04-26 14:48:33', 'Acceso a Eventos / mostrar', '::1', 'Acceso Vista'),
(1, 0, '2025-04-26 14:48:34', 'Acceso a Eventos / obtener_locales', '::1', 'Acceso Vista'),
(1, 0, '2025-04-26 14:48:34', 'Acceso a Eventos / obtener_categorias', '::1', 'Acceso Vista'),
(1, 0, '2025-04-26 14:48:34', 'Acceso a Eventos / listar', '::1', 'Acceso Vista'),
(1, 0, '2025-04-26 14:49:23', 'Acceso a Eventos / mostrar', '::1', 'Acceso Vista'),
(1, 0, '2025-04-26 14:49:23', 'Acceso a Eventos / obtener_categorias', '::1', 'Acceso Vista'),
(1, 0, '2025-04-26 14:49:23', 'Acceso a Eventos / obtener_locales', '::1', 'Acceso Vista'),
(1, 0, '2025-04-26 14:49:23', 'Acceso a Eventos / listar', '::1', 'Acceso Vista'),
(1, 0, '2025-04-26 14:51:28', 'Acceso a Eventos / mostrar', '::1', 'Acceso Vista'),
(1, 0, '2025-04-26 14:51:28', 'Acceso a Eventos / obtener_locales', '::1', 'Acceso Vista'),
(1, 0, '2025-04-26 14:51:28', 'Acceso a Eventos / obtener_categorias', '::1', 'Acceso Vista'),
(1, 0, '2025-04-26 14:51:28', 'Acceso a Eventos / listar', '::1', 'Acceso Vista'),
(1, 0, '2025-04-26 14:51:48', 'Acceso a Eventos / mostrar', '::1', 'Acceso Vista'),
(1, 0, '2025-04-26 14:51:48', 'Acceso a Eventos / obtener_categorias', '::1', 'Acceso Vista'),
(1, 0, '2025-04-26 14:51:48', 'Acceso a Eventos / obtener_locales', '::1', 'Acceso Vista'),
(1, 0, '2025-04-26 14:51:48', 'Acceso a Eventos / listar', '::1', 'Acceso Vista'),
(1, 0, '2025-04-26 14:52:11', 'Acceso a Eventos / mostrar', '::1', 'Acceso Vista'),
(1, 0, '2025-04-26 14:52:11', 'Acceso a Eventos / obtener_categorias', '::1', 'Acceso Vista'),
(1, 0, '2025-04-26 14:52:11', 'Acceso a Eventos / obtener_locales', '::1', 'Acceso Vista'),
(1, 0, '2025-04-26 14:52:11', 'Acceso a Eventos / listar', '::1', 'Acceso Vista'),
(1, 0, '2025-04-26 14:52:17', 'Acceso a Eventos / mostrar', '::1', 'Acceso Vista'),
(1, 0, '2025-04-26 14:52:17', 'Acceso a Eventos / obtener_locales', '::1', 'Acceso Vista'),
(1, 0, '2025-04-26 14:52:17', 'Acceso a Eventos / obtener_categorias', '::1', 'Acceso Vista'),
(1, 0, '2025-04-26 14:52:17', 'Acceso a Eventos / listar', '::1', 'Acceso Vista'),
(1, 0, '2025-04-26 14:52:24', 'Acceso a Eventos / mostrar', '::1', 'Acceso Vista'),
(1, 0, '2025-04-26 14:52:24', 'Acceso a Eventos / obtener_locales', '::1', 'Acceso Vista'),
(1, 0, '2025-04-26 14:52:24', 'Acceso a Eventos / obtener_categorias', '::1', 'Acceso Vista'),
(1, 0, '2025-04-26 14:52:24', 'Acceso a Eventos / listar', '::1', 'Acceso Vista'),
(1, 0, '2025-04-26 14:52:30', 'Acceso a Eventos / mostrar', '::1', 'Acceso Vista'),
(1, 0, '2025-04-26 14:52:30', 'Acceso a Eventos / obtener_categorias', '::1', 'Acceso Vista'),
(1, 0, '2025-04-26 14:52:30', 'Acceso a Eventos / obtener_locales', '::1', 'Acceso Vista'),
(1, 0, '2025-04-26 14:52:30', 'Acceso a Eventos / listar', '::1', 'Acceso Vista'),
(1, 0, '2025-04-26 14:52:37', 'Acceso a Eventos / mostrar', '::1', 'Acceso Vista'),
(1, 0, '2025-04-26 14:52:38', 'Acceso a Eventos / obtener_categorias', '::1', 'Acceso Vista'),
(1, 0, '2025-04-26 14:52:38', 'Acceso a Eventos / obtener_locales', '::1', 'Acceso Vista'),
(1, 0, '2025-04-26 14:52:38', 'Acceso a Eventos / listar', '::1', 'Acceso Vista'),
(1, 0, '2025-04-26 14:52:49', 'Acceso a Eventos / mostrar', '::1', 'Acceso Vista'),
(1, 0, '2025-04-26 14:52:50', 'Acceso a Eventos / obtener_locales', '::1', 'Acceso Vista'),
(1, 0, '2025-04-26 14:52:50', 'Acceso a Eventos / obtener_categorias', '::1', 'Acceso Vista'),
(1, 0, '2025-04-26 14:52:50', 'Acceso a Eventos / listar', '::1', 'Acceso Vista'),
(1, 0, '2025-04-26 14:53:22', 'Acceso a Eventos / mostrar', '::1', 'Acceso Vista'),
(1, 0, '2025-04-26 14:53:23', 'Acceso a Eventos / obtener_categorias', '::1', 'Acceso Vista'),
(1, 0, '2025-04-26 14:53:23', 'Acceso a Eventos / obtener_locales', '::1', 'Acceso Vista'),
(1, 0, '2025-04-26 14:53:23', 'Acceso a Eventos / listar', '::1', 'Acceso Vista'),
(1, 0, '2025-04-26 14:58:22', 'Acceso a Eventos / mostrar', '::1', 'Acceso Vista'),
(1, 0, '2025-04-26 14:58:23', 'Acceso a Eventos / obtener_artistas', '::1', 'Acceso Vista'),
(1, 0, '2025-04-26 14:58:23', 'Acceso a Eventos / obtener_locales', '::1', 'Acceso Vista'),
(1, 0, '2025-04-26 14:58:23', 'Acceso a Eventos / obtener_categorias', '::1', 'Acceso Vista'),
(1, 0, '2025-04-26 14:58:23', 'Acceso a Eventos / listar', '::1', 'Acceso Vista'),
(1, 0, '2025-04-26 14:59:00', 'Acceso a Eventos / mostrar', '::1', 'Acceso Vista'),
(1, 0, '2025-04-26 14:59:01', 'Acceso a Eventos / obtener_locales', '::1', 'Acceso Vista'),
(1, 0, '2025-04-26 14:59:01', 'Acceso a Eventos / obtener_categorias', '::1', 'Acceso Vista'),
(1, 0, '2025-04-26 14:59:01', 'Acceso a Eventos / obtener_artistas', '::1', 'Acceso Vista'),
(1, 0, '2025-04-26 14:59:01', 'Acceso a Eventos / listar', '::1', 'Acceso Vista'),
(1, 0, '2025-04-26 15:54:14', 'Acceso a Eventos / mostrar', '::1', 'Acceso Vista'),
(1, 0, '2025-04-26 15:54:15', 'Acceso a Eventos / obtener_locales', '::1', 'Acceso Vista'),
(1, 0, '2025-04-26 15:54:15', 'Acceso a Eventos / obtener_categorias', '::1', 'Acceso Vista'),
(1, 0, '2025-04-26 15:54:15', 'Acceso a Eventos / obtener_artistas', '::1', 'Acceso Vista'),
(1, 0, '2025-04-26 15:54:15', 'Acceso a Eventos / listar', '::1', 'Acceso Vista'),
(1, 0, '2025-04-26 15:54:27', 'Acceso a Eventos / mostrar', '::1', 'Acceso Vista'),
(1, 0, '2025-04-26 15:54:28', 'Acceso a Eventos / obtener_locales', '::1', 'Acceso Vista'),
(1, 0, '2025-04-26 15:54:28', 'Acceso a Eventos / obtener_categorias', '::1', 'Acceso Vista'),
(1, 0, '2025-04-26 15:54:28', 'Acceso a Eventos / obtener_artistas', '::1', 'Acceso Vista'),
(1, 0, '2025-04-26 15:54:28', 'Acceso a Eventos / listar', '::1', 'Acceso Vista'),
(1, 0, '2025-04-26 15:59:05', 'Acceso a Eventos / mostrar', '::1', 'Acceso Vista'),
(1, 0, '2025-04-26 15:59:06', 'Acceso a Eventos / obtener_categorias', '::1', 'Acceso Vista'),
(1, 0, '2025-04-26 15:59:06', 'Acceso a Eventos / obtener_locales', '::1', 'Acceso Vista'),
(1, 0, '2025-04-26 15:59:06', 'Acceso a Eventos / obtener_artistas', '::1', 'Acceso Vista'),
(1, 0, '2025-04-26 15:59:06', 'Acceso a Eventos / listar', '::1', 'Acceso Vista'),
(1, 0, '2025-04-26 15:59:23', 'Acceso a Eventos / mostrar', '::1', 'Acceso Vista'),
(1, 0, '2025-04-26 15:59:23', 'Acceso a Eventos / obtener_locales', '::1', 'Acceso Vista'),
(1, 0, '2025-04-26 15:59:23', 'Acceso a Eventos / obtener_categorias', '::1', 'Acceso Vista'),
(1, 0, '2025-04-26 15:59:23', 'Acceso a Eventos / obtener_artistas', '::1', 'Acceso Vista'),
(1, 0, '2025-04-26 15:59:23', 'Acceso a Eventos / listar', '::1', 'Acceso Vista'),
(1, 0, '2025-04-26 16:01:12', 'Acceso a Eventos / mostrar', '::1', 'Acceso Vista'),
(1, 0, '2025-04-26 16:01:13', 'Acceso a Eventos / obtener_locales', '::1', 'Acceso Vista'),
(1, 0, '2025-04-26 16:01:13', 'Acceso a Eventos / obtener_categorias', '::1', 'Acceso Vista'),
(1, 0, '2025-04-26 16:01:13', 'Acceso a Eventos / obtener_artistas', '::1', 'Acceso Vista'),
(1, 0, '2025-04-26 16:01:13', 'Acceso a Eventos / listar', '::1', 'Acceso Vista'),
(1, 0, '2025-04-26 16:01:26', 'Acceso a Eventos / mostrar', '::1', 'Acceso Vista'),
(1, 0, '2025-04-26 16:01:26', 'Acceso a Eventos / obtener_locales', '::1', 'Acceso Vista'),
(1, 0, '2025-04-26 16:01:26', 'Acceso a Eventos / obtener_categorias', '::1', 'Acceso Vista'),
(1, 0, '2025-04-26 16:01:26', 'Acceso a Eventos / obtener_artistas', '::1', 'Acceso Vista'),
(1, 0, '2025-04-26 16:01:26', 'Acceso a Eventos / listar', '::1', 'Acceso Vista'),
(1, 0, '2025-04-26 16:02:33', 'Acceso a Eventos / mostrar', '::1', 'Acceso Vista'),
(1, 0, '2025-04-26 16:02:34', 'Acceso a Eventos / obtener_locales', '::1', 'Acceso Vista'),
(1, 0, '2025-04-26 16:02:34', 'Acceso a Eventos / obtener_artistas', '::1', 'Acceso Vista'),
(1, 0, '2025-04-26 16:02:34', 'Acceso a Eventos / obtener_categorias', '::1', 'Acceso Vista'),
(1, 0, '2025-04-26 16:02:34', 'Acceso a Eventos / listar', '::1', 'Acceso Vista'),
(1, 0, '2025-04-26 16:03:30', 'Acceso a Eventos / mostrar', '::1', 'Acceso Vista'),
(1, 0, '2025-04-26 16:03:31', 'Acceso a Eventos / obtener_locales', '::1', 'Acceso Vista'),
(1, 0, '2025-04-26 16:03:31', 'Acceso a Eventos / obtener_categorias', '::1', 'Acceso Vista'),
(1, 0, '2025-04-26 16:03:31', 'Acceso a Eventos / obtener_artistas', '::1', 'Acceso Vista'),
(1, 0, '2025-04-26 16:03:31', 'Acceso a Eventos / listar', '::1', 'Acceso Vista'),
(1, 0, '2025-04-26 16:04:14', 'Acceso a Eventos / mostrar', '::1', 'Acceso Vista'),
(1, 0, '2025-04-26 16:04:15', 'Acceso a Eventos / obtener_locales', '::1', 'Acceso Vista'),
(1, 0, '2025-04-26 16:04:15', 'Acceso a Eventos / obtener_categorias', '::1', 'Acceso Vista'),
(1, 0, '2025-04-26 16:04:15', 'Acceso a Eventos / obtener_artistas', '::1', 'Acceso Vista'),
(1, 0, '2025-04-26 16:04:15', 'Acceso a Eventos / listar', '::1', 'Acceso Vista'),
(1, 0, '2025-04-26 16:06:10', 'Acceso a Eventos / mostrar', '::1', 'Acceso Vista'),
(1, 0, '2025-04-26 16:06:10', 'Acceso a Eventos / obtener_categorias', '::1', 'Acceso Vista'),
(1, 0, '2025-04-26 16:06:10', 'Acceso a Eventos / obtener_locales', '::1', 'Acceso Vista'),
(1, 0, '2025-04-26 16:06:10', 'Acceso a Eventos / obtener_artistas', '::1', 'Acceso Vista'),
(1, 0, '2025-04-26 16:06:10', 'Acceso a Eventos / listar', '::1', 'Acceso Vista'),
(1, 0, '2025-04-26 16:06:28', 'Acceso a Eventos / mostrar', '::1', 'Acceso Vista'),
(1, 0, '2025-04-26 16:06:28', 'Acceso a Eventos / obtener_categorias', '::1', 'Acceso Vista'),
(1, 0, '2025-04-26 16:06:28', 'Acceso a Eventos / obtener_locales', '::1', 'Acceso Vista'),
(1, 0, '2025-04-26 16:06:28', 'Acceso a Eventos / obtener_artistas', '::1', 'Acceso Vista'),
(1, 0, '2025-04-26 16:06:28', 'Acceso a Eventos / listar', '::1', 'Acceso Vista'),
(1, 0, '2025-04-26 16:09:07', 'Acceso a Eventos / mostrar', '::1', 'Acceso Vista'),
(1, 0, '2025-04-26 16:09:08', 'Acceso a Eventos / obtener_artistas', '::1', 'Acceso Vista'),
(1, 0, '2025-04-26 16:09:08', 'Acceso a Eventos / obtener_locales', '::1', 'Acceso Vista'),
(1, 0, '2025-04-26 16:09:08', 'Acceso a Eventos / obtener_categorias', '::1', 'Acceso Vista'),
(1, 0, '2025-04-26 16:09:08', 'Acceso a Eventos / listar', '::1', 'Acceso Vista'),
(1, 0, '2025-04-26 16:09:18', 'Acceso a Eventos / mostrar', '::1', 'Acceso Vista'),
(1, 0, '2025-04-26 16:09:18', 'Acceso a Eventos / mostrar', '::1', 'Acceso Vista'),
(1, 0, '2025-04-26 16:09:18', 'Acceso a Eventos / obtener_categorias', '::1', 'Acceso Vista'),
(1, 0, '2025-04-26 16:09:18', 'Acceso a Eventos / obtener_locales', '::1', 'Acceso Vista'),
(1, 0, '2025-04-26 16:09:18', 'Acceso a Eventos / obtener_artistas', '::1', 'Acceso Vista'),
(1, 0, '2025-04-26 16:09:18', 'Acceso a Eventos / listar', '::1', 'Acceso Vista'),
(1, 0, '2025-04-26 16:10:07', 'Acceso a Eventos / mostrar', '::1', 'Acceso Vista'),
(1, 0, '2025-04-26 16:10:08', 'Acceso a Eventos / obtener_categorias', '::1', 'Acceso Vista'),
(1, 0, '2025-04-26 16:10:08', 'Acceso a Eventos / obtener_locales', '::1', 'Acceso Vista'),
(1, 0, '2025-04-26 16:10:08', 'Acceso a Eventos / obtener_artistas', '::1', 'Acceso Vista'),
(1, 0, '2025-04-26 16:10:08', 'Acceso a Eventos / listar', '::1', 'Acceso Vista'),
(1, 0, '2025-04-26 16:10:37', 'Acceso a Eventos / mostrar', '::1', 'Acceso Vista'),
(1, 0, '2025-04-26 16:10:38', 'Acceso a Eventos / obtener_locales', '::1', 'Acceso Vista'),
(1, 0, '2025-04-26 16:10:38', 'Acceso a Eventos / obtener_categorias', '::1', 'Acceso Vista'),
(1, 0, '2025-04-26 16:10:38', 'Acceso a Eventos / obtener_artistas', '::1', 'Acceso Vista'),
(1, 0, '2025-04-26 16:10:38', 'Acceso a Eventos / listar', '::1', 'Acceso Vista'),
(1, 0, '2025-04-26 16:12:45', 'Acceso a Eventos / mostrar', '::1', 'Acceso Vista'),
(1, 0, '2025-04-26 16:12:45', 'Acceso a Eventos / obtener_locales', '::1', 'Acceso Vista'),
(1, 0, '2025-04-26 16:12:45', 'Acceso a Eventos / obtener_categorias', '::1', 'Acceso Vista'),
(1, 0, '2025-04-26 16:12:45', 'Acceso a Eventos / obtener_artistas', '::1', 'Acceso Vista'),
(1, 0, '2025-04-26 16:12:45', 'Acceso a Eventos / listar', '::1', 'Acceso Vista'),
(1, 0, '2025-04-26 16:13:03', 'Acceso a Eventos / mostrar', '::1', 'Acceso Vista'),
(1, 0, '2025-04-26 16:13:04', 'Acceso a Eventos / obtener_locales', '::1', 'Acceso Vista'),
(1, 0, '2025-04-26 16:13:04', 'Acceso a Eventos / obtener_categorias', '::1', 'Acceso Vista'),
(1, 0, '2025-04-26 16:13:04', 'Acceso a Eventos / obtener_artistas', '::1', 'Acceso Vista'),
(1, 0, '2025-04-26 16:13:04', 'Acceso a Eventos / listar', '::1', 'Acceso Vista'),
(1, 0, '2025-04-26 16:13:45', 'Acceso a Eventos / mostrar', '::1', 'Acceso Vista'),
(1, 0, '2025-04-26 16:13:46', 'Acceso a Eventos / obtener_locales', '::1', 'Acceso Vista'),
(1, 0, '2025-04-26 16:13:46', 'Acceso a Eventos / obtener_categorias', '::1', 'Acceso Vista'),
(1, 0, '2025-04-26 16:13:46', 'Acceso a Eventos / obtener_artistas', '::1', 'Acceso Vista'),
(1, 0, '2025-04-26 16:13:46', 'Acceso a Eventos / listar', '::1', 'Acceso Vista'),
(1, 0, '2025-04-26 16:14:20', 'Acceso a Eventos / mostrar', '::1', 'Acceso Vista'),
(1, 0, '2025-04-26 16:14:21', 'Acceso a Eventos / obtener_locales', '::1', 'Acceso Vista'),
(1, 0, '2025-04-26 16:14:21', 'Acceso a Eventos / obtener_categorias', '::1', 'Acceso Vista'),
(1, 0, '2025-04-26 16:14:21', 'Acceso a Eventos / obtener_artistas', '::1', 'Acceso Vista'),
(1, 0, '2025-04-26 16:14:21', 'Acceso a Eventos / listar', '::1', 'Acceso Vista'),
(1, 0, '2025-04-26 16:14:52', 'Acceso a Eventos / mostrar', '::1', 'Acceso Vista'),
(1, 0, '2025-04-26 16:14:53', 'Acceso a Eventos / obtener_artistas', '::1', 'Acceso Vista'),
(1, 0, '2025-04-26 16:14:53', 'Acceso a Eventos / obtener_locales', '::1', 'Acceso Vista'),
(1, 0, '2025-04-26 16:14:53', 'Acceso a Eventos / obtener_categorias', '::1', 'Acceso Vista'),
(1, 0, '2025-04-26 16:14:53', 'Acceso a Eventos / listar', '::1', 'Acceso Vista'),
(1, 0, '2025-04-26 16:15:43', 'Acceso a Eventos / mostrar', '::1', 'Acceso Vista'),
(1, 0, '2025-04-26 16:15:43', 'Acceso a Eventos / mostrar', '::1', 'Acceso Vista'),
(1, 0, '2025-04-26 16:15:44', 'Acceso a Eventos / obtener_artistas', '::1', 'Acceso Vista'),
(1, 0, '2025-04-26 16:15:44', 'Acceso a Eventos / obtener_categorias', '::1', 'Acceso Vista'),
(1, 0, '2025-04-26 16:15:44', 'Acceso a Eventos / obtener_locales', '::1', 'Acceso Vista'),
(1, 0, '2025-04-26 16:15:44', 'Acceso a Eventos / listar', '::1', 'Acceso Vista'),
(1, 0, '2025-04-26 16:17:47', 'Acceso a Eventos / mostrar', '::1', 'Acceso Vista'),
(1, 0, '2025-04-26 16:17:48', 'Acceso a Eventos / obtener_locales', '::1', 'Acceso Vista'),
(1, 0, '2025-04-26 16:17:48', 'Acceso a Eventos / obtener_categorias', '::1', 'Acceso Vista'),
(1, 0, '2025-04-26 16:17:48', 'Acceso a Eventos / obtener_artistas', '::1', 'Acceso Vista'),
(1, 0, '2025-04-26 16:17:48', 'Acceso a Eventos / listar', '::1', 'Acceso Vista'),
(1, 0, '2025-04-28 14:47:35', 'Se Produjo Un Error en los Controladores del Sistema', '::1', 'Falla Sistema'),
(1, 0, '2025-04-28 14:47:42', 'Se Produjo Un Error en los Controladores del Sistema', '::1', 'Falla Sistema'),
(1, 0, '2025-04-28 14:47:43', 'Se Produjo Un Error en los Controladores del Sistema', '::1', 'Falla Sistema'),
(1, 0, '2025-04-28 14:47:46', 'Se Produjo Un Error en los Controladores del Sistema', '::1', 'Falla Sistema'),
(1, 0, '2025-04-28 14:47:50', 'Acceso a Admin / dashboard', '::1', 'Acceso Vista'),
(1, 0, '2025-04-28 14:47:55', 'Acceso a Eventos / mostrar', '::1', 'Acceso Vista'),
(1, 0, '2025-04-28 14:47:55', 'Acceso a Eventos / obtener_locales', '::1', 'Acceso Vista'),
(1, 0, '2025-04-28 14:47:55', 'Acceso a Eventos / obtener_categorias', '::1', 'Acceso Vista'),
(1, 0, '2025-04-28 14:47:55', 'Acceso a Eventos / obtener_artistas', '::1', 'Acceso Vista'),
(1, 0, '2025-04-28 14:47:55', 'Acceso a Eventos / listar', '::1', 'Acceso Vista'),
(1, 0, '2025-04-28 14:48:19', 'Acceso a Eventos / mostrar', '::1', 'Acceso Vista'),
(1, 0, '2025-04-28 14:48:19', 'Acceso a Eventos / obtener_locales', '::1', 'Acceso Vista'),
(1, 0, '2025-04-28 14:48:19', 'Acceso a Eventos / obtener_artistas', '::1', 'Acceso Vista'),
(1, 0, '2025-04-28 14:48:19', 'Acceso a Eventos / obtener_categorias', '::1', 'Acceso Vista'),
(1, 0, '2025-04-28 14:48:20', 'Acceso a Eventos / listar', '::1', 'Acceso Vista'),
(1, 0, '2025-04-28 14:49:30', 'Acceso a Eventos / mostrar', '::1', 'Acceso Vista'),
(1, 0, '2025-04-28 14:49:30', 'Acceso a Eventos / obtener_locales', '::1', 'Acceso Vista'),
(1, 0, '2025-04-28 14:49:30', 'Acceso a Eventos / obtener_categorias', '::1', 'Acceso Vista'),
(1, 0, '2025-04-28 14:49:30', 'Acceso a Eventos / obtener_artistas', '::1', 'Acceso Vista'),
(1, 0, '2025-04-28 14:49:30', 'Acceso a Eventos / listar', '::1', 'Acceso Vista'),
(1, 0, '2025-04-28 14:58:10', 'Acceso a Eventos / mostrar', '::1', 'Acceso Vista'),
(1, 0, '2025-04-28 15:14:46', 'Acceso a Eventos / mostrar', '::1', 'Acceso Vista'),
(1, 0, '2025-04-28 15:14:47', 'Acceso a Eventos / obtener_locales', '::1', 'Acceso Vista'),
(1, 0, '2025-04-28 15:14:47', 'Acceso a Eventos / obtener_artistas', '::1', 'Acceso Vista'),
(1, 0, '2025-04-28 15:14:47', 'Acceso a Eventos / obtener_categorias', '::1', 'Acceso Vista'),
(1, 0, '2025-04-28 15:14:47', 'Acceso a Eventos / listar', '::1', 'Acceso Vista'),
(1, 0, '2025-04-28 15:22:41', 'Acceso a Eventos / mostrar', '::1', 'Acceso Vista'),
(1, 0, '2025-04-28 15:22:41', 'Acceso a Eventos / obtener_locales', '::1', 'Acceso Vista'),
(1, 0, '2025-04-28 15:22:41', 'Acceso a Eventos / obtener_categorias', '::1', 'Acceso Vista'),
(1, 0, '2025-04-28 15:22:41', 'Acceso a Eventos / obtener_artistas', '::1', 'Acceso Vista'),
(1, 0, '2025-04-28 15:22:41', 'Acceso a Eventos / listar', '::1', 'Acceso Vista'),
(1, 0, '2025-04-28 15:22:52', 'Acceso a Eventos / mostrar', '::1', 'Acceso Vista'),
(1, 0, '2025-04-28 15:23:09', 'Acceso a Eventos / mostrar', '::1', 'Acceso Vista'),
(1, 0, '2025-04-28 15:23:10', 'Acceso a Eventos / obtener_locales', '::1', 'Acceso Vista'),
(1, 0, '2025-04-28 15:23:10', 'Acceso a Eventos / obtener_artistas', '::1', 'Acceso Vista'),
(1, 0, '2025-04-28 15:23:10', 'Acceso a Eventos / obtener_categorias', '::1', 'Acceso Vista'),
(1, 0, '2025-04-28 15:23:10', 'Acceso a Eventos / listar', '::1', 'Acceso Vista'),
(1, 0, '2025-04-28 15:23:55', 'Acceso a Eventos / mostrar', '::1', 'Acceso Vista'),
(1, 0, '2025-04-28 15:23:55', 'Acceso a Eventos / obtener_locales', '::1', 'Acceso Vista'),
(1, 0, '2025-04-28 15:23:55', 'Acceso a Eventos / obtener_categorias', '::1', 'Acceso Vista'),
(1, 0, '2025-04-28 15:23:55', 'Acceso a Eventos / obtener_artistas', '::1', 'Acceso Vista'),
(1, 0, '2025-04-28 15:23:55', 'Acceso a Eventos / listar', '::1', 'Acceso Vista'),
(1, 0, '2025-04-28 15:24:59', 'Acceso a Eventos / mostrar', '::1', 'Acceso Vista'),
(1, 0, '2025-04-28 15:25:00', 'Acceso a Eventos / obtener_artistas', '::1', 'Acceso Vista'),
(1, 0, '2025-04-28 15:25:00', 'Acceso a Eventos / obtener_categorias', '::1', 'Acceso Vista'),
(1, 0, '2025-04-28 15:25:00', 'Acceso a Eventos / obtener_locales', '::1', 'Acceso Vista'),
(1, 0, '2025-04-28 15:25:00', 'Acceso a Eventos / listar', '::1', 'Acceso Vista'),
(1, 0, '2025-04-28 15:25:31', 'Insertó Eventos con ID:', '::1', 'Guardar'),
(1, 0, '2025-04-28 15:25:31', 'Acceso a Eventos / guardar_editar', '::1', 'Acceso Vista'),
(1, 0, '2025-04-28 15:25:31', 'Acceso a Eventos / listar', '::1', 'Acceso Vista'),
(1, 0, '2025-04-28 15:25:45', 'Acceso a Eventos / mostrar', '::1', 'Acceso Vista'),
(1, 0, '2025-04-28 15:25:46', 'Acceso a Eventos / obtener_locales', '::1', 'Acceso Vista'),
(1, 0, '2025-04-28 15:25:46', 'Acceso a Eventos / obtener_categorias', '::1', 'Acceso Vista'),
(1, 0, '2025-04-28 15:25:46', 'Acceso a Eventos / obtener_artistas', '::1', 'Acceso Vista'),
(1, 0, '2025-04-28 15:25:46', 'Acceso a Eventos / listar', '::1', 'Acceso Vista'),
(1, 0, '2025-04-28 15:26:13', 'Acceso a Eventos / mostrar', '::1', 'Acceso Vista'),
(1, 0, '2025-04-28 15:26:13', 'Acceso a Eventos / obtener_categorias', '::1', 'Acceso Vista'),
(1, 0, '2025-04-28 15:26:13', 'Acceso a Eventos / obtener_locales', '::1', 'Acceso Vista'),
(1, 0, '2025-04-28 15:26:13', 'Acceso a Eventos / obtener_artistas', '::1', 'Acceso Vista'),
(1, 0, '2025-04-28 15:26:13', 'Acceso a Eventos / listar', '::1', 'Acceso Vista'),
(1, 0, '2025-04-28 15:27:12', 'Acceso a Eventos / mostrar', '::1', 'Acceso Vista'),
(1, 0, '2025-04-28 15:27:13', 'Acceso a Eventos / obtener_locales', '::1', 'Acceso Vista'),
(1, 0, '2025-04-28 15:27:13', 'Acceso a Eventos / obtener_categorias', '::1', 'Acceso Vista'),
(1, 0, '2025-04-28 15:27:13', 'Acceso a Eventos / obtener_artistas', '::1', 'Acceso Vista'),
(1, 0, '2025-04-28 15:27:13', 'Acceso a Eventos / listar', '::1', 'Acceso Vista'),
(1, 0, '2025-04-28 15:29:06', 'Insertó Eventos con ID:', '::1', 'Guardar'),
(1, 0, '2025-04-28 15:29:06', 'Acceso a Eventos / guardar_editar', '::1', 'Acceso Vista'),
(1, 0, '2025-04-28 15:29:06', 'Acceso a Eventos / listar', '::1', 'Acceso Vista'),
(1, 0, '2025-04-28 15:30:42', 'Acceso a Eventos / mostrar', '::1', 'Acceso Vista'),
(1, 0, '2025-04-28 15:30:43', 'Acceso a Eventos / obtener_locales', '::1', 'Acceso Vista'),
(1, 0, '2025-04-28 15:30:43', 'Acceso a Eventos / obtener_artistas', '::1', 'Acceso Vista'),
(1, 0, '2025-04-28 15:30:43', 'Acceso a Eventos / obtener_categorias', '::1', 'Acceso Vista'),
(1, 0, '2025-04-28 15:30:43', 'Acceso a Eventos / listar', '::1', 'Acceso Vista'),
(1, 0, '2025-04-28 15:30:47', 'Se Produjo Un Error en los Controladores del Sistema', '::1', 'Falla Sistema'),
(1, 0, '2025-04-28 15:43:24', 'Acceso a Eventos / mostrar', '::1', 'Acceso Vista'),
(1, 0, '2025-04-28 15:43:25', 'Acceso a Eventos / obtener_categorias', '::1', 'Acceso Vista'),
(1, 0, '2025-04-28 15:43:25', 'Acceso a Eventos / obtener_locales', '::1', 'Acceso Vista'),
(1, 0, '2025-04-28 15:43:25', 'Acceso a Eventos / obtener_artistas', '::1', 'Acceso Vista'),
(1, 0, '2025-04-28 15:43:25', 'Acceso a Eventos / listar', '::1', 'Acceso Vista'),
(1, 0, '2025-04-28 15:43:30', 'Acceso a Eventos / obtener', '::1', 'Acceso Vista'),
(1, 0, '2025-04-28 15:43:48', 'Acceso a Eventos / mostrar', '::1', 'Acceso Vista'),
(1, 0, '2025-04-28 15:43:49', 'Acceso a Eventos / obtener_categorias', '::1', 'Acceso Vista'),
(1, 0, '2025-04-28 15:43:49', 'Acceso a Eventos / obtener_artistas', '::1', 'Acceso Vista'),
(1, 0, '2025-04-28 15:43:49', 'Acceso a Eventos / obtener_locales', '::1', 'Acceso Vista'),
(1, 0, '2025-04-28 15:43:49', 'Acceso a Eventos / listar', '::1', 'Acceso Vista'),
(1, 0, '2025-04-28 15:43:52', 'Acceso a Eventos / obtener', '::1', 'Acceso Vista'),
(1, 0, '2025-04-28 15:44:59', 'Acceso a Eventos / mostrar', '::1', 'Acceso Vista'),
(1, 0, '2025-04-28 15:44:59', 'Acceso a Eventos / obtener_artistas', '::1', 'Acceso Vista'),
(1, 0, '2025-04-28 15:44:59', 'Acceso a Eventos / obtener_locales', '::1', 'Acceso Vista'),
(1, 0, '2025-04-28 15:44:59', 'Acceso a Eventos / obtener_categorias', '::1', 'Acceso Vista'),
(1, 0, '2025-04-28 15:45:00', 'Acceso a Eventos / listar', '::1', 'Acceso Vista'),
(1, 0, '2025-04-28 15:45:03', 'Acceso a Eventos / obtener', '::1', 'Acceso Vista'),
(1, 0, '2025-04-28 15:45:03', 'Se Produjo Un Error en los Controladores del Sistema', '::1', 'Falla Sistema'),
(1, 0, '2025-04-28 15:45:03', 'Se Produjo Un Error en los Controladores del Sistema', '::1', 'Falla Sistema'),
(1, 0, '2025-04-28 15:45:26', 'Acceso a Eventos / obtener', '::1', 'Acceso Vista'),
(1, 0, '2025-04-28 15:45:26', 'Se Produjo Un Error en los Controladores del Sistema', '::1', 'Falla Sistema'),
(1, 0, '2025-04-28 15:45:26', 'Se Produjo Un Error en los Controladores del Sistema', '::1', 'Falla Sistema'),
(1, 0, '2025-04-28 15:45:34', 'Acceso a Eventos / mostrar', '::1', 'Acceso Vista'),
(1, 0, '2025-04-28 15:45:35', 'Acceso a Eventos / obtener_artistas', '::1', 'Acceso Vista'),
(1, 0, '2025-04-28 15:45:35', 'Acceso a Eventos / obtener_categorias', '::1', 'Acceso Vista'),
(1, 0, '2025-04-28 15:45:35', 'Acceso a Eventos / obtener_locales', '::1', 'Acceso Vista'),
(1, 0, '2025-04-28 15:45:35', 'Acceso a Eventos / listar', '::1', 'Acceso Vista'),
(1, 0, '2025-04-28 15:45:40', 'Acceso a Eventos / obtener', '::1', 'Acceso Vista'),
(1, 0, '2025-04-28 15:45:40', 'Se Produjo Un Error en los Controladores del Sistema', '::1', 'Falla Sistema'),
(1, 0, '2025-04-28 15:45:40', 'Se Produjo Un Error en los Controladores del Sistema', '::1', 'Falla Sistema'),
(1, 0, '2025-04-28 15:45:45', 'Acceso a Eventos / obtener', '::1', 'Acceso Vista'),
(1, 0, '2025-04-28 15:45:45', 'Se Produjo Un Error en los Controladores del Sistema', '::1', 'Falla Sistema'),
(1, 0, '2025-04-28 15:45:45', 'Se Produjo Un Error en los Controladores del Sistema', '::1', 'Falla Sistema'),
(1, 0, '2025-04-28 15:47:11', 'Acceso a Eventos / mostrar', '::1', 'Acceso Vista'),
(1, 0, '2025-04-28 15:47:12', 'Acceso a Eventos / obtener_locales', '::1', 'Acceso Vista'),
(1, 0, '2025-04-28 15:47:12', 'Acceso a Eventos / obtener_categorias', '::1', 'Acceso Vista'),
(1, 0, '2025-04-28 15:47:12', 'Acceso a Eventos / obtener_artistas', '::1', 'Acceso Vista'),
(1, 0, '2025-04-28 15:47:12', 'Acceso a Eventos / listar', '::1', 'Acceso Vista'),
(1, 0, '2025-04-28 15:47:16', 'Acceso a Eventos / obtener', '::1', 'Acceso Vista'),
(1, 0, '2025-04-28 15:47:16', 'Se Produjo Un Error en los Controladores del Sistema', '::1', 'Falla Sistema'),
(1, 0, '2025-04-28 15:47:16', 'Se Produjo Un Error en los Controladores del Sistema', '::1', 'Falla Sistema'),
(1, 0, '2025-04-28 15:47:49', 'Acceso a Eventos / mostrar', '::1', 'Acceso Vista'),
(1, 0, '2025-04-28 15:47:50', 'Acceso a Eventos / obtener_locales', '::1', 'Acceso Vista'),
(1, 0, '2025-04-28 15:47:50', 'Acceso a Eventos / obtener_categorias', '::1', 'Acceso Vista'),
(1, 0, '2025-04-28 15:47:50', 'Acceso a Eventos / obtener_artistas', '::1', 'Acceso Vista'),
(1, 0, '2025-04-28 15:47:50', 'Acceso a Eventos / listar', '::1', 'Acceso Vista'),
(1, 0, '2025-04-28 15:47:53', 'Acceso a Eventos / obtener', '::1', 'Acceso Vista'),
(1, 0, '2025-04-28 15:47:53', 'Se Produjo Un Error en los Controladores del Sistema', '::1', 'Falla Sistema'),
(1, 0, '2025-04-28 15:47:53', 'Se Produjo Un Error en los Controladores del Sistema', '::1', 'Falla Sistema'),
(1, 0, '2025-04-28 15:48:12', 'Acceso a Eventos / mostrar', '::1', 'Acceso Vista'),
(1, 0, '2025-04-28 15:48:13', 'Acceso a Eventos / obtener_locales', '::1', 'Acceso Vista'),
(1, 0, '2025-04-28 15:48:13', 'Acceso a Eventos / obtener_categorias', '::1', 'Acceso Vista'),
(1, 0, '2025-04-28 15:48:13', 'Acceso a Eventos / obtener_artistas', '::1', 'Acceso Vista'),
(1, 0, '2025-04-28 15:48:13', 'Acceso a Eventos / listar', '::1', 'Acceso Vista'),
(1, 0, '2025-04-28 15:48:17', 'Acceso a Eventos / obtener', '::1', 'Acceso Vista'),
(1, 0, '2025-04-28 15:48:17', 'Se Produjo Un Error en los Controladores del Sistema', '::1', 'Falla Sistema'),
(1, 0, '2025-04-28 15:48:17', 'Se Produjo Un Error en los Controladores del Sistema', '::1', 'Falla Sistema'),
(1, 0, '2025-04-28 15:48:52', 'Acceso a Eventos / mostrar', '::1', 'Acceso Vista'),
(1, 0, '2025-04-28 15:48:53', 'Acceso a Eventos / obtener_locales', '::1', 'Acceso Vista'),
(1, 0, '2025-04-28 15:48:53', 'Acceso a Eventos / obtener_artistas', '::1', 'Acceso Vista'),
(1, 0, '2025-04-28 15:48:53', 'Acceso a Eventos / obtener_categorias', '::1', 'Acceso Vista'),
(1, 0, '2025-04-28 15:48:53', 'Acceso a Eventos / listar', '::1', 'Acceso Vista'),
(1, 0, '2025-04-28 15:48:56', 'Acceso a Eventos / mostrar', '::1', 'Acceso Vista'),
(1, 0, '2025-04-28 15:48:57', 'Acceso a Eventos / obtener_locales', '::1', 'Acceso Vista'),
(1, 0, '2025-04-28 15:48:57', 'Acceso a Eventos / obtener_artistas', '::1', 'Acceso Vista'),
(1, 0, '2025-04-28 15:48:57', 'Acceso a Eventos / obtener_categorias', '::1', 'Acceso Vista'),
(1, 0, '2025-04-28 15:48:57', 'Acceso a Eventos / listar', '::1', 'Acceso Vista'),
(1, 0, '2025-04-28 15:49:01', 'Acceso a Eventos / obtener', '::1', 'Acceso Vista'),
(1, 0, '2025-04-28 15:49:37', 'Acceso a Eventos / mostrar', '::1', 'Acceso Vista'),
(1, 0, '2025-04-28 15:49:37', 'Acceso a Eventos / obtener_locales', '::1', 'Acceso Vista'),
(1, 0, '2025-04-28 15:49:37', 'Acceso a Eventos / obtener_categorias', '::1', 'Acceso Vista'),
(1, 0, '2025-04-28 15:49:37', 'Acceso a Eventos / obtener_artistas', '::1', 'Acceso Vista'),
(1, 0, '2025-04-28 15:49:37', 'Acceso a Eventos / listar', '::1', 'Acceso Vista'),
(1, 0, '2025-04-28 15:49:41', 'Acceso a Eventos / obtener', '::1', 'Acceso Vista'),
(1, 0, '2025-04-28 15:50:01', 'Acceso a Eventos / mostrar', '::1', 'Acceso Vista'),
(1, 0, '2025-04-28 15:50:01', 'Acceso a Eventos / obtener_categorias', '::1', 'Acceso Vista'),
(1, 0, '2025-04-28 15:50:01', 'Acceso a Eventos / obtener_locales', '::1', 'Acceso Vista'),
(1, 0, '2025-04-28 15:50:01', 'Acceso a Eventos / obtener_artistas', '::1', 'Acceso Vista'),
(1, 0, '2025-04-28 15:50:01', 'Acceso a Eventos / listar', '::1', 'Acceso Vista'),
(1, 0, '2025-04-28 15:50:08', 'Acceso a Eventos / obtener', '::1', 'Acceso Vista'),
(1, 0, '2025-04-28 15:51:15', 'Acceso a Eventos / mostrar', '::1', 'Acceso Vista'),
(1, 0, '2025-04-28 15:51:15', 'Acceso a Eventos / obtener_categorias', '::1', 'Acceso Vista'),
(1, 0, '2025-04-28 15:51:15', 'Acceso a Eventos / obtener_locales', '::1', 'Acceso Vista'),
(1, 0, '2025-04-28 15:51:15', 'Acceso a Eventos / obtener_artistas', '::1', 'Acceso Vista'),
(1, 0, '2025-04-28 15:51:15', 'Acceso a Eventos / listar', '::1', 'Acceso Vista'),
(1, 0, '2025-04-28 15:51:18', 'Acceso a Eventos / obtener', '::1', 'Acceso Vista'),
(1, 0, '2025-04-28 16:00:14', 'Acceso a Eventos / mostrar', '::1', 'Acceso Vista'),
(1, 0, '2025-04-28 16:00:15', 'Acceso a Eventos / obtener_locales', '::1', 'Acceso Vista'),
(1, 0, '2025-04-28 16:00:15', 'Acceso a Eventos / obtener_categorias', '::1', 'Acceso Vista'),
(1, 0, '2025-04-28 16:00:15', 'Acceso a Eventos / obtener_artistas', '::1', 'Acceso Vista'),
(1, 0, '2025-04-28 16:00:15', 'Acceso a Eventos / listar', '::1', 'Acceso Vista'),
(1, 0, '2025-04-28 16:01:48', 'Acceso a Eventos / mostrar', '::1', 'Acceso Vista'),
(1, 0, '2025-04-28 16:01:49', 'Acceso a Eventos / obtener_categorias', '::1', 'Acceso Vista'),
(1, 0, '2025-04-28 16:01:49', 'Acceso a Eventos / obtener_locales', '::1', 'Acceso Vista'),
(1, 0, '2025-04-28 16:01:49', 'Acceso a Eventos / obtener_artistas', '::1', 'Acceso Vista'),
(1, 0, '2025-04-28 16:01:49', 'Acceso a Eventos / listar', '::1', 'Acceso Vista'),
(1, 0, '2025-04-28 16:02:15', 'Acceso a Eventos / obtener', '::1', 'Acceso Vista'),
(1, 0, '2025-04-28 16:02:39', 'Acceso a Eventos / mostrar', '::1', 'Acceso Vista'),
(1, 0, '2025-04-28 16:02:40', 'Acceso a Eventos / obtener_artistas', '::1', 'Acceso Vista'),
(1, 0, '2025-04-28 16:02:40', 'Acceso a Eventos / obtener_locales', '::1', 'Acceso Vista'),
(1, 0, '2025-04-28 16:02:40', 'Acceso a Eventos / obtener_categorias', '::1', 'Acceso Vista'),
(1, 0, '2025-04-28 16:02:40', 'Acceso a Eventos / listar', '::1', 'Acceso Vista'),
(1, 0, '2025-04-28 16:02:47', 'Acceso a Eventos / obtener', '::1', 'Acceso Vista'),
(1, 0, '2025-04-28 16:57:02', 'Acceso a Eventos / obtener', '::1', 'Acceso Vista'),
(1, 0, '2025-04-28 16:57:25', 'Editó Eventos con ID:5', '::1', 'Editar'),
(1, 0, '2025-04-28 16:57:25', 'Acceso a Eventos / guardar_editar', '::1', 'Acceso Vista'),
(1, 0, '2025-04-28 16:57:25', 'Acceso a Eventos / listar', '::1', 'Acceso Vista'),
(1, 0, '2025-04-28 16:57:51', 'Acceso a Eventos / mostrar', '::1', 'Acceso Vista'),
(1, 0, '2025-04-28 16:57:51', 'Acceso a Eventos / obtener_locales', '::1', 'Acceso Vista'),
(1, 0, '2025-04-28 16:57:51', 'Acceso a Eventos / obtener_categorias', '::1', 'Acceso Vista'),
(1, 0, '2025-04-28 16:57:51', 'Acceso a Eventos / obtener_artistas', '::1', 'Acceso Vista'),
(1, 0, '2025-04-28 16:57:51', 'Acceso a Eventos / listar', '::1', 'Acceso Vista'),
(1, 0, '2025-04-28 16:59:38', 'Acceso a Eventos / obtener', '::1', 'Acceso Vista'),
(1, 0, '2025-04-28 16:59:49', 'Editó Eventos con ID:5', '::1', 'Editar'),
(1, 0, '2025-04-28 16:59:49', 'Acceso a Eventos / guardar_editar', '::1', 'Acceso Vista'),
(1, 0, '2025-04-28 16:59:49', 'Acceso a Eventos / listar', '::1', 'Acceso Vista'),
(1, 0, '2025-04-28 16:59:52', 'Acceso a Eventos / mostrar', '::1', 'Acceso Vista'),
(1, 0, '2025-04-28 16:59:53', 'Acceso a Eventos / obtener_locales', '::1', 'Acceso Vista'),
(1, 0, '2025-04-28 16:59:53', 'Acceso a Eventos / obtener_categorias', '::1', 'Acceso Vista'),
(1, 0, '2025-04-28 16:59:53', 'Acceso a Eventos / obtener_artistas', '::1', 'Acceso Vista'),
(1, 0, '2025-04-28 16:59:53', 'Acceso a Eventos / listar', '::1', 'Acceso Vista'),
(1, 0, '2025-04-28 16:59:55', 'Acceso a Eventos / obtener', '::1', 'Acceso Vista'),
(1, 0, '2025-04-28 17:02:03', 'Acceso a Eventos / mostrar', '::1', 'Acceso Vista'),
(1, 0, '2025-04-28 17:02:03', 'Acceso a Eventos / obtener_locales', '::1', 'Acceso Vista'),
(1, 0, '2025-04-28 17:02:03', 'Acceso a Eventos / obtener_artistas', '::1', 'Acceso Vista'),
(1, 0, '2025-04-28 17:02:03', 'Acceso a Eventos / obtener_categorias', '::1', 'Acceso Vista'),
(1, 0, '2025-04-28 17:02:03', 'Acceso a Eventos / listar', '::1', 'Acceso Vista'),
(1, 0, '2025-04-28 17:02:05', 'Acceso a Eventos / mostrar', '::1', 'Acceso Vista'),
(1, 0, '2025-04-28 17:02:06', 'Acceso a Eventos / mostrar', '::1', 'Acceso Vista'),
(1, 0, '2025-04-28 17:02:06', 'Acceso a Eventos / mostrar', '::1', 'Acceso Vista'),
(1, 0, '2025-04-28 17:02:06', 'Acceso a Eventos / obtener_categorias', '::1', 'Acceso Vista'),
(1, 0, '2025-04-28 17:02:06', 'Acceso a Eventos / obtener_locales', '::1', 'Acceso Vista'),
(1, 0, '2025-04-28 17:02:06', 'Acceso a Eventos / obtener_artistas', '::1', 'Acceso Vista'),
(1, 0, '2025-04-28 17:02:06', 'Acceso a Eventos / listar', '::1', 'Acceso Vista'),
(1, 0, '2025-04-28 17:02:11', 'LogOut Usuario admin', '::1', 'Cierre de Sesion'),
(1, 0, '2025-04-28 17:02:17', 'Inicio Sesion admin', '::1', 'Inicio Sesion'),
(1, 0, '2025-04-28 17:02:17', 'Se Produjo Un Error en los Controladores del Sistema', '::1', 'Falla Sistema'),
(1, 0, '2025-04-28 17:02:21', 'Acceso a Admin / dashboard', '::1', 'Acceso Vista'),
(1, 0, '2025-04-28 17:02:35', 'Acceso a Eventos / mostrar', '::1', 'Acceso Vista'),
(1, 0, '2025-04-28 17:02:36', 'Acceso a Eventos / obtener_locales', '::1', 'Acceso Vista'),
(1, 0, '2025-04-28 17:02:36', 'Acceso a Eventos / obtener_artistas', '::1', 'Acceso Vista'),
(1, 0, '2025-04-28 17:02:36', 'Acceso a Eventos / obtener_categorias', '::1', 'Acceso Vista'),
(1, 0, '2025-04-28 17:02:36', 'Acceso a Eventos / listar', '::1', 'Acceso Vista'),
(1, 0, '2025-04-28 17:02:48', 'Acceso a Eventos / mostrar', '::1', 'Acceso Vista'),
(1, 0, '2025-04-28 17:02:49', 'Acceso a Eventos / obtener_locales', '::1', 'Acceso Vista'),
(1, 0, '2025-04-28 17:02:49', 'Acceso a Eventos / obtener_categorias', '::1', 'Acceso Vista');
INSERT INTO `bitacora` (`usu_id`, `suc_id`, `bit_fecha`, `bit_accion`, `bit_ip`, `bit_tipo`) VALUES
(1, 0, '2025-04-28 17:02:49', 'Acceso a Eventos / obtener_artistas', '::1', 'Acceso Vista'),
(1, 0, '2025-04-28 17:02:49', 'Acceso a Eventos / listar', '::1', 'Acceso Vista'),
(1, 0, '2025-04-28 17:04:09', 'Acceso a Eventos / mostrar', '::1', 'Acceso Vista'),
(1, 0, '2025-04-28 17:04:10', 'Acceso a Eventos / obtener_artistas', '::1', 'Acceso Vista'),
(1, 0, '2025-04-28 17:04:10', 'Acceso a Eventos / obtener_categorias', '::1', 'Acceso Vista'),
(1, 0, '2025-04-28 17:04:10', 'Acceso a Eventos / obtener_locales', '::1', 'Acceso Vista'),
(1, 0, '2025-04-28 17:04:10', 'Acceso a Eventos / listar', '::1', 'Acceso Vista'),
(1, 0, '2025-04-28 17:04:14', 'Acceso a Eventos / mostrar', '::1', 'Acceso Vista'),
(1, 0, '2025-04-28 17:04:14', 'Acceso a Eventos / obtener_locales', '::1', 'Acceso Vista'),
(1, 0, '2025-04-28 17:04:14', 'Acceso a Eventos / obtener_artistas', '::1', 'Acceso Vista'),
(1, 0, '2025-04-28 17:04:14', 'Acceso a Eventos / obtener_categorias', '::1', 'Acceso Vista'),
(1, 0, '2025-04-28 17:04:14', 'Acceso a Eventos / listar', '::1', 'Acceso Vista'),
(1, 0, '2025-04-28 17:05:04', 'Acceso a Eventos / mostrar', '::1', 'Acceso Vista'),
(1, 0, '2025-04-28 17:05:04', 'Acceso a Eventos / obtener_locales', '::1', 'Acceso Vista'),
(1, 0, '2025-04-28 17:05:04', 'Acceso a Eventos / obtener_categorias', '::1', 'Acceso Vista'),
(1, 0, '2025-04-28 17:05:04', 'Acceso a Eventos / obtener_artistas', '::1', 'Acceso Vista'),
(1, 0, '2025-04-28 17:05:04', 'Acceso a Eventos / listar', '::1', 'Acceso Vista'),
(1, 0, '2025-04-28 17:05:17', 'Acceso a Eventos / mostrar', '::1', 'Acceso Vista'),
(1, 0, '2025-04-28 17:05:17', 'Acceso a Eventos / obtener_locales', '::1', 'Acceso Vista'),
(1, 0, '2025-04-28 17:05:17', 'Acceso a Eventos / obtener_categorias', '::1', 'Acceso Vista'),
(1, 0, '2025-04-28 17:05:17', 'Acceso a Eventos / obtener_artistas', '::1', 'Acceso Vista'),
(1, 0, '2025-04-28 17:05:17', 'Acceso a Eventos / listar', '::1', 'Acceso Vista'),
(1, 0, '2025-04-28 17:05:18', 'Acceso a Eventos / mostrar', '::1', 'Acceso Vista'),
(1, 0, '2025-04-28 17:05:19', 'Acceso a Eventos / obtener_categorias', '::1', 'Acceso Vista'),
(1, 0, '2025-04-28 17:05:19', 'Acceso a Eventos / obtener_locales', '::1', 'Acceso Vista'),
(1, 0, '2025-04-28 17:05:19', 'Acceso a Eventos / obtener_artistas', '::1', 'Acceso Vista'),
(1, 0, '2025-04-28 17:05:19', 'Acceso a Eventos / listar', '::1', 'Acceso Vista'),
(1, 0, '2025-04-28 17:06:30', 'Acceso a Eventos / mostrar', '::1', 'Acceso Vista'),
(1, 0, '2025-04-28 17:06:31', 'Acceso a Eventos / obtener_locales', '::1', 'Acceso Vista'),
(1, 0, '2025-04-28 17:06:31', 'Acceso a Eventos / obtener_artistas', '::1', 'Acceso Vista'),
(1, 0, '2025-04-28 17:06:31', 'Acceso a Eventos / obtener_categorias', '::1', 'Acceso Vista'),
(1, 0, '2025-04-28 17:06:31', 'Acceso a Eventos / listar', '::1', 'Acceso Vista'),
(1, 0, '2025-04-28 17:08:56', 'Acceso a Eventos / mostrar', '::1', 'Acceso Vista'),
(1, 0, '2025-04-28 17:08:56', 'Acceso a Eventos / obtener_categorias', '::1', 'Acceso Vista'),
(1, 0, '2025-04-28 17:08:56', 'Acceso a Eventos / obtener_locales', '::1', 'Acceso Vista'),
(1, 0, '2025-04-28 17:08:56', 'Acceso a Eventos / obtener_artistas', '::1', 'Acceso Vista'),
(1, 0, '2025-04-28 17:08:56', 'Acceso a Eventos / listar', '::1', 'Acceso Vista'),
(1, 0, '2025-04-28 17:08:58', 'Acceso a Eventos / mostrar', '::1', 'Acceso Vista'),
(1, 0, '2025-04-28 17:08:58', 'Acceso a Eventos / obtener_locales', '::1', 'Acceso Vista'),
(1, 0, '2025-04-28 17:08:58', 'Acceso a Eventos / obtener_categorias', '::1', 'Acceso Vista'),
(1, 0, '2025-04-28 17:08:58', 'Acceso a Eventos / obtener_artistas', '::1', 'Acceso Vista'),
(1, 0, '2025-04-28 17:08:58', 'Acceso a Eventos / listar', '::1', 'Acceso Vista'),
(1, 0, '2025-04-28 17:29:10', 'Acceso a Admin / dashboard', '::1', 'Acceso Vista'),
(1, 0, '2025-04-28 17:29:14', 'Acceso a Admin / dashboard', '::1', 'Acceso Vista'),
(1, 0, '2025-04-28 17:29:21', 'Acceso a Modulos / mostrar', '::1', 'Acceso Vista'),
(1, 0, '2025-04-28 17:29:21', 'Acceso a Modulos / mostrar_modulos', '::1', 'Acceso Vista'),
(1, 0, '2025-04-28 17:30:08', 'Insertó Modulo con', '::1', 'ok'),
(1, 0, '2025-04-28 17:30:08', 'Acceso a Modulos / guardar_editar_modulo', '::1', 'Acceso Vista'),
(1, 0, '2025-04-28 17:30:09', 'Acceso a Modulos / mostrar_modulos', '::1', 'Acceso Vista'),
(1, 0, '2025-04-28 17:30:13', 'Cambio orden Modulos', '::1', 'ok'),
(1, 0, '2025-04-28 17:30:13', 'Acceso a Modulos / cambiar_orden_modulos', '::1', 'Acceso Vista'),
(1, 0, '2025-04-28 17:30:13', 'Acceso a Modulos / mostrar_opciones_x_modulos', '::1', 'Acceso Vista'),
(1, 0, '2025-04-28 17:30:32', 'Insertó Opcion con', '::1', 'error'),
(1, 0, '2025-04-28 17:30:32', 'Acceso a Modulos / guardar_editar_opcion', '::1', 'Acceso Vista'),
(1, 0, '2025-04-28 17:30:32', 'Acceso a Modulos / mostrar_opciones_x_modulos', '::1', 'Acceso Vista'),
(1, 0, '2025-04-28 17:31:40', 'Acceso a Modulos / mostrar', '::1', 'Acceso Vista'),
(1, 0, '2025-04-28 17:31:40', 'Acceso a Modulos / mostrar_modulos', '::1', 'Acceso Vista'),
(1, 0, '2025-04-29 09:48:59', 'Acceso a Modulos / mostrar', '::1', 'Acceso Vista'),
(1, 0, '2025-04-29 09:49:00', 'Acceso a Modulos / mostrar_modulos', '::1', 'Acceso Vista'),
(1, 0, '2025-04-29 09:49:39', 'Acceso a Modulos / mostrar', '::1', 'Acceso Vista'),
(1, 0, '2025-04-29 09:49:39', 'Acceso a Modulos / mostrar_modulos', '::1', 'Acceso Vista'),
(1, 0, '2025-04-29 09:49:54', 'Acceso a Modulos / mostrar', '::1', 'Acceso Vista'),
(1, 0, '2025-04-29 09:49:54', 'Acceso a Modulos / mostrar_modulos', '::1', 'Acceso Vista'),
(1, 0, '2025-04-29 09:49:59', 'Acceso a Modulos / mostrar', '::1', 'Acceso Vista'),
(1, 0, '2025-04-29 09:50:00', 'Acceso a Modulos / mostrar_modulos', '::1', 'Acceso Vista'),
(1, 0, '2025-04-29 09:50:05', 'Acceso a Modulos / mostrar', '::1', 'Acceso Vista'),
(1, 0, '2025-04-29 09:50:05', 'Acceso a Modulos / mostrar_modulos', '::1', 'Acceso Vista'),
(1, 0, '2025-04-29 09:50:17', 'Acceso a Modulos / mostrar', '::1', 'Acceso Vista'),
(1, 0, '2025-04-29 09:50:18', 'Acceso a Modulos / mostrar_modulos', '::1', 'Acceso Vista'),
(1, 0, '2025-04-29 09:50:33', 'Acceso a Modulos / mostrar', '::1', 'Acceso Vista'),
(1, 0, '2025-04-29 09:50:33', 'Acceso a Modulos / mostrar_modulos', '::1', 'Acceso Vista'),
(1, 0, '2025-04-29 09:50:40', 'Acceso a Modulos / mostrar', '::1', 'Acceso Vista'),
(1, 0, '2025-04-29 09:50:40', 'Acceso a Modulos / mostrar_modulos', '::1', 'Acceso Vista'),
(1, 0, '2025-04-29 09:50:47', 'Acceso a Modulos / mostrar', '::1', 'Acceso Vista'),
(1, 0, '2025-04-29 09:50:48', 'Acceso a Modulos / mostrar_modulos', '::1', 'Acceso Vista'),
(1, 0, '2025-04-29 10:11:22', 'Acceso a Modulos / mostrar', '::1', 'Acceso Vista'),
(1, 0, '2025-04-29 10:11:23', 'Acceso a Modulos / mostrar_modulos', '::1', 'Acceso Vista'),
(1, 0, '2025-04-29 10:11:24', 'Acceso a Modulos / mostrar', '::1', 'Acceso Vista'),
(1, 0, '2025-04-29 10:11:24', 'Acceso a Modulos / mostrar_modulos', '::1', 'Acceso Vista'),
(1, 0, '2025-04-29 10:11:25', 'Acceso a Modulos / mostrar', '::1', 'Acceso Vista'),
(1, 0, '2025-04-29 10:11:25', 'Acceso a Modulos / mostrar_modulos', '::1', 'Acceso Vista'),
(1, 0, '2025-04-29 10:13:23', 'Acceso a Modulos / mostrar', '::1', 'Acceso Vista'),
(1, 0, '2025-04-29 10:13:23', 'Acceso a Modulos / mostrar_modulos', '::1', 'Acceso Vista'),
(1, 0, '2025-04-29 10:13:57', 'Acceso a Modulos / mostrar', '::1', 'Acceso Vista'),
(1, 0, '2025-04-29 10:13:58', 'Acceso a Modulos / mostrar_modulos', '::1', 'Acceso Vista'),
(1, 0, '2025-04-29 10:14:19', 'Acceso a Modulos / mostrar', '::1', 'Acceso Vista'),
(1, 0, '2025-04-29 10:14:19', 'Acceso a Modulos / mostrar_modulos', '::1', 'Acceso Vista'),
(1, 0, '2025-04-29 10:14:55', 'Se Produjo Un Error en los Controladores del Sistema', '::1', 'Falla Sistema'),
(1, 0, '2025-04-29 10:14:57', 'Acceso a Modulos / mostrar', '::1', 'Acceso Vista'),
(1, 0, '2025-04-29 10:14:57', 'Acceso a Modulos / mostrar_modulos', '::1', 'Acceso Vista'),
(1, 0, '2025-04-29 10:17:51', 'Acceso a Modulos / mostrar', '::1', 'Acceso Vista'),
(1, 0, '2025-04-29 10:17:51', 'Acceso a Modulos / mostrar_modulos', '::1', 'Acceso Vista'),
(1, 0, '2025-04-29 10:17:53', 'Se Produjo Un Error en los Controladores del Sistema', '::1', 'Falla Sistema'),
(1, 0, '2025-04-29 10:18:07', 'Acceso a ReporteVenta / mostrar', '::1', 'Acceso Vista'),
(1, 0, '2025-04-29 10:24:08', 'Acceso a ReporteVenta / mostrar', '::1', 'Acceso Vista'),
(1, 0, '2025-04-29 10:25:23', 'Acceso a ReporteVenta / mostrar', '::1', 'Acceso Vista'),
(1, 0, '2025-04-29 10:25:39', 'Acceso a ReporteVenta / mostrar', '::1', 'Acceso Vista'),
(1, 0, '2025-04-29 10:43:13', 'Acceso a ReporteVenta / mostrar', '::1', 'Acceso Vista'),
(1, 0, '2025-04-29 10:44:13', 'Se Produjo Un Error en los Controladores del Sistema', '::1', 'Falla Sistema'),
(1, 0, '2025-04-29 10:45:18', 'Acceso a ReporteVenta / mostrar', '::1', 'Acceso Vista'),
(1, 0, '2025-04-29 10:45:42', 'Acceso a ReporteVenta / mostrar', '::1', 'Acceso Vista'),
(1, 0, '2025-04-29 10:47:52', 'Acceso a ReporteVenta / mostrar', '::1', 'Acceso Vista'),
(1, 0, '2025-04-29 10:48:10', 'Acceso a ReporteVenta / mostrar', '::1', 'Acceso Vista'),
(1, 0, '2025-04-29 10:48:41', 'Acceso a ReporteVenta / mostrar', '::1', 'Acceso Vista'),
(1, 0, '2025-04-29 10:48:43', 'Acceso a ReporteVenta / mostrar', '::1', 'Acceso Vista'),
(1, 0, '2025-04-29 10:49:01', 'Acceso a ReporteVenta / mostrar', '::1', 'Acceso Vista'),
(1, 0, '2025-04-29 10:49:10', 'Acceso a ReporteVenta / mostrar', '::1', 'Acceso Vista'),
(1, 0, '2025-04-29 10:52:45', 'Acceso a ReporteVenta / mostrar', '::1', 'Acceso Vista'),
(1, 0, '2025-04-29 10:56:27', 'Acceso a ReporteVenta / mostrar', '::1', 'Acceso Vista'),
(1, 0, '2025-04-29 10:56:28', 'Se Produjo Un Error en los Controladores del Sistema', '::1', 'Falla Sistema'),
(1, 0, '2025-04-29 10:58:52', 'Acceso a ReporteVenta / mostrar', '::1', 'Acceso Vista'),
(1, 0, '2025-04-29 10:58:53', 'Acceso a ReporteVenta / reporte_general', '::1', 'Acceso Vista'),
(1, 0, '2025-04-29 11:07:07', 'Acceso a ReporteVenta / mostrar', '::1', 'Acceso Vista'),
(1, 0, '2025-04-29 11:07:08', 'Acceso a ReporteVenta / reporte_general', '::1', 'Acceso Vista'),
(1, 0, '2025-04-29 11:07:23', 'Acceso a ReporteVenta / mostrar', '::1', 'Acceso Vista'),
(1, 0, '2025-04-29 11:07:24', 'Acceso a ReporteVenta / reporte_general', '::1', 'Acceso Vista'),
(1, 0, '2025-04-29 11:08:20', 'Acceso a ReporteVenta / mostrar', '::1', 'Acceso Vista'),
(1, 0, '2025-04-29 11:08:21', 'Acceso a ReporteVenta / reporte_general', '::1', 'Acceso Vista'),
(1, 0, '2025-04-29 11:08:27', 'Acceso a ReporteVenta / mostrar', '::1', 'Acceso Vista'),
(1, 0, '2025-04-29 11:08:28', 'Acceso a ReporteVenta / reporte_general', '::1', 'Acceso Vista'),
(1, 0, '2025-04-29 11:08:31', 'Acceso a ReporteVenta / mostrar', '::1', 'Acceso Vista'),
(1, 0, '2025-04-29 11:08:32', 'Acceso a ReporteVenta / reporte_general', '::1', 'Acceso Vista'),
(1, 0, '2025-04-29 11:08:45', 'Acceso a ReporteVenta / mostrar', '::1', 'Acceso Vista'),
(1, 0, '2025-04-29 11:08:46', 'Acceso a ReporteVenta / reporte_general', '::1', 'Acceso Vista'),
(1, 0, '2025-04-29 11:11:17', 'Acceso a ReporteVenta / mostrar', '::1', 'Acceso Vista'),
(1, 0, '2025-04-29 11:11:17', 'Acceso a ReporteVenta / reporte_general', '::1', 'Acceso Vista'),
(1, 0, '2025-04-29 11:11:34', 'Acceso a ReporteVenta / mostrar', '::1', 'Acceso Vista'),
(1, 0, '2025-04-29 11:11:35', 'Acceso a ReporteVenta / reporte_general', '::1', 'Acceso Vista'),
(1, 0, '2025-04-29 11:17:52', 'Acceso a ReporteVenta / mostrar', '::1', 'Acceso Vista'),
(1, 0, '2025-04-29 11:17:53', 'Acceso a ReporteVenta / reporte_general', '::1', 'Acceso Vista'),
(1, 0, '2025-04-29 11:18:37', 'Acceso a ReporteVenta / mostrar', '::1', 'Acceso Vista'),
(1, 0, '2025-04-29 11:18:37', 'Acceso a ReporteVenta / reporte_general', '::1', 'Acceso Vista'),
(1, 0, '2025-04-29 11:19:02', 'Acceso a ReporteVenta / mostrar', '::1', 'Acceso Vista'),
(1, 0, '2025-04-29 11:19:03', 'Acceso a ReporteVenta / reporte_general', '::1', 'Acceso Vista'),
(1, 0, '2025-04-29 11:19:18', 'Acceso a ReporteVenta / mostrar', '::1', 'Acceso Vista'),
(1, 0, '2025-04-29 11:19:19', 'Acceso a ReporteVenta / reporte_general', '::1', 'Acceso Vista'),
(1, 0, '2025-04-29 11:19:39', 'Acceso a ReporteVenta / mostrar', '::1', 'Acceso Vista'),
(1, 0, '2025-04-29 11:19:39', 'Acceso a ReporteVenta / reporte_general', '::1', 'Acceso Vista'),
(1, 0, '2025-04-29 11:19:53', 'Acceso a ReporteVenta / mostrar', '::1', 'Acceso Vista'),
(1, 0, '2025-04-29 11:19:54', 'Acceso a ReporteVenta / reporte_general', '::1', 'Acceso Vista'),
(1, 0, '2025-04-29 11:19:58', 'Acceso a ReporteVenta / mostrar', '::1', 'Acceso Vista'),
(1, 0, '2025-04-29 11:19:58', 'Acceso a ReporteVenta / reporte_general', '::1', 'Acceso Vista'),
(1, 0, '2025-04-29 11:20:06', 'Acceso a ReporteVenta / mostrar', '::1', 'Acceso Vista'),
(1, 0, '2025-04-29 11:20:07', 'Acceso a ReporteVenta / reporte_general', '::1', 'Acceso Vista'),
(1, 0, '2025-04-29 11:20:34', 'Acceso a ReporteVenta / mostrar', '::1', 'Acceso Vista'),
(1, 0, '2025-04-29 11:20:35', 'Acceso a ReporteVenta / reporte_general', '::1', 'Acceso Vista'),
(1, 0, '2025-04-29 11:20:48', 'Acceso a ReporteVenta / mostrar', '::1', 'Acceso Vista'),
(1, 0, '2025-04-29 11:20:48', 'Acceso a ReporteVenta / reporte_general', '::1', 'Acceso Vista'),
(1, 0, '2025-04-29 11:22:02', 'Acceso a ReporteVenta / mostrar', '::1', 'Acceso Vista'),
(1, 0, '2025-04-29 11:22:02', 'Acceso a ReporteVenta / reporte_general', '::1', 'Acceso Vista'),
(1, 0, '2025-04-29 11:25:45', 'Acceso a ReporteVenta / mostrar', '::1', 'Acceso Vista'),
(1, 0, '2025-04-29 11:25:45', 'Acceso a ReporteVenta / listar_clientes', '::1', 'Acceso Vista'),
(1, 0, '2025-04-29 11:25:45', 'Acceso a ReporteVenta / reporte_general', '::1', 'Acceso Vista'),
(1, 0, '2025-04-29 11:26:00', 'Acceso a ReporteVenta / mostrar', '::1', 'Acceso Vista'),
(1, 0, '2025-04-29 11:26:00', 'Acceso a ReporteVenta / listar_clientes', '::1', 'Acceso Vista'),
(1, 0, '2025-04-29 11:26:00', 'Acceso a ReporteVenta / reporte_general', '::1', 'Acceso Vista'),
(1, 0, '2025-04-29 11:26:29', 'Acceso a ReporteVenta / mostrar', '::1', 'Acceso Vista'),
(1, 0, '2025-04-29 11:26:30', 'Acceso a ReporteVenta / listar_clientes', '::1', 'Acceso Vista'),
(1, 0, '2025-04-29 11:26:30', 'Acceso a ReporteVenta / reporte_general', '::1', 'Acceso Vista'),
(1, 0, '2025-04-29 11:26:48', 'Acceso a ReporteVenta / mostrar', '::1', 'Acceso Vista'),
(1, 0, '2025-04-29 11:26:49', 'Acceso a ReporteVenta / listar_clientes', '::1', 'Acceso Vista'),
(1, 0, '2025-04-29 11:26:49', 'Acceso a ReporteVenta / reporte_general', '::1', 'Acceso Vista'),
(1, 0, '2025-04-29 11:27:11', 'Acceso a ReporteVenta / mostrar', '::1', 'Acceso Vista'),
(1, 0, '2025-04-29 11:27:12', 'Acceso a ReporteVenta / listar_clientes', '::1', 'Acceso Vista'),
(1, 0, '2025-04-29 11:27:12', 'Acceso a ReporteVenta / reporte_general', '::1', 'Acceso Vista'),
(1, 0, '2025-04-29 11:27:48', 'Acceso a ReporteVenta / mostrar', '::1', 'Acceso Vista'),
(1, 0, '2025-04-29 11:27:49', 'Acceso a ReporteVenta / listar_clientes', '::1', 'Acceso Vista'),
(1, 0, '2025-04-29 11:27:49', 'Acceso a ReporteVenta / reporte_general', '::1', 'Acceso Vista'),
(1, 0, '2025-04-29 11:28:01', 'Acceso a ReporteVenta / mostrar', '::1', 'Acceso Vista'),
(1, 0, '2025-04-29 11:28:02', 'Acceso a ReporteVenta / listar_clientes', '::1', 'Acceso Vista'),
(1, 0, '2025-04-29 11:28:02', 'Acceso a ReporteVenta / reporte_general', '::1', 'Acceso Vista'),
(1, 0, '2025-04-29 11:28:08', 'Acceso a ReporteVenta / mostrar', '::1', 'Acceso Vista'),
(1, 0, '2025-04-29 11:28:09', 'Acceso a ReporteVenta / listar_clientes', '::1', 'Acceso Vista'),
(1, 0, '2025-04-29 11:28:09', 'Acceso a ReporteVenta / reporte_general', '::1', 'Acceso Vista'),
(1, 0, '2025-04-29 11:28:13', 'Acceso a ReporteVenta / reporte_general', '::1', 'Acceso Vista'),
(1, 0, '2025-04-29 11:28:43', 'Acceso a ReporteVenta / mostrar', '::1', 'Acceso Vista'),
(1, 0, '2025-04-29 11:28:44', 'Acceso a ReporteVenta / listar_clientes', '::1', 'Acceso Vista'),
(1, 0, '2025-04-29 11:28:44', 'Acceso a ReporteVenta / reporte_general', '::1', 'Acceso Vista'),
(1, 0, '2025-04-29 11:28:47', 'Acceso a ReporteVenta / reporte_general', '::1', 'Acceso Vista'),
(1, 0, '2025-04-29 11:28:50', 'Acceso a ReporteVenta / reporte_general', '::1', 'Acceso Vista'),
(1, 0, '2025-04-29 11:28:54', 'Acceso a ReporteVenta / reporte_general', '::1', 'Acceso Vista'),
(1, 0, '2025-04-29 11:29:26', 'Acceso a ReporteVenta / mostrar', '::1', 'Acceso Vista'),
(1, 0, '2025-04-29 11:29:26', 'Acceso a ReporteVenta / listar_clientes', '::1', 'Acceso Vista'),
(1, 0, '2025-04-29 11:29:26', 'Acceso a ReporteVenta / reporte_general', '::1', 'Acceso Vista'),
(1, 0, '2025-04-29 11:29:55', 'Acceso a ReporteVenta / mostrar', '::1', 'Acceso Vista'),
(1, 0, '2025-04-29 11:29:56', 'Acceso a ReporteVenta / listar_clientes', '::1', 'Acceso Vista'),
(1, 0, '2025-04-29 11:29:56', 'Acceso a ReporteVenta / reporte_general', '::1', 'Acceso Vista'),
(1, 0, '2025-04-29 11:30:03', 'Acceso a ReporteVenta / reporte_general', '::1', 'Acceso Vista'),
(1, 0, '2025-04-29 11:30:06', 'Acceso a ReporteVenta / reporte_general', '::1', 'Acceso Vista'),
(1, 0, '2025-04-29 11:30:40', 'Acceso a ReporteVenta / mostrar', '::1', 'Acceso Vista'),
(1, 0, '2025-04-29 11:30:41', 'Acceso a ReporteVenta / listar_clientes', '::1', 'Acceso Vista'),
(1, 0, '2025-04-29 11:30:41', 'Acceso a ReporteVenta / reporte_general', '::1', 'Acceso Vista'),
(1, 0, '2025-04-29 11:30:46', 'Acceso a ReporteVenta / mostrar', '::1', 'Acceso Vista'),
(1, 0, '2025-04-29 11:30:47', 'Acceso a ReporteVenta / listar_clientes', '::1', 'Acceso Vista'),
(1, 0, '2025-04-29 11:30:47', 'Acceso a ReporteVenta / reporte_general', '::1', 'Acceso Vista'),
(1, 0, '2025-04-29 11:30:50', 'Acceso a ReporteVenta / reporte_general', '::1', 'Acceso Vista'),
(1, 0, '2025-04-29 11:30:53', 'Acceso a ReporteVenta / reporte_general', '::1', 'Acceso Vista'),
(1, 0, '2025-04-29 11:30:55', 'Acceso a ReporteVenta / reporte_general', '::1', 'Acceso Vista'),
(1, 0, '2025-04-29 11:30:57', 'Acceso a ReporteVenta / mostrar', '::1', 'Acceso Vista'),
(1, 0, '2025-04-29 11:30:57', 'Acceso a ReporteVenta / listar_clientes', '::1', 'Acceso Vista'),
(1, 0, '2025-04-29 11:30:57', 'Acceso a ReporteVenta / reporte_general', '::1', 'Acceso Vista'),
(1, 0, '2025-04-29 11:30:59', 'Acceso a ReporteVenta / reporte_general', '::1', 'Acceso Vista'),
(1, 0, '2025-04-29 11:31:37', 'Acceso a ReporteVenta / mostrar', '::1', 'Acceso Vista'),
(1, 0, '2025-04-29 11:31:38', 'Acceso a ReporteVenta / listar_clientes', '::1', 'Acceso Vista'),
(1, 0, '2025-04-29 11:31:38', 'Acceso a ReporteVenta / reporte_general', '::1', 'Acceso Vista'),
(1, 0, '2025-04-29 11:31:39', 'Acceso a ReporteVenta / reporte_general', '::1', 'Acceso Vista'),
(1, 0, '2025-04-29 11:31:39', 'Acceso a ReporteVenta / reporte_general', '::1', 'Acceso Vista'),
(1, 0, '2025-04-29 11:31:41', 'Acceso a ReporteVenta / reporte_general', '::1', 'Acceso Vista'),
(1, 0, '2025-04-29 11:31:41', 'Acceso a ReporteVenta / reporte_general', '::1', 'Acceso Vista'),
(1, 0, '2025-04-29 11:31:47', 'Acceso a ReporteVenta / mostrar', '::1', 'Acceso Vista'),
(1, 0, '2025-04-29 11:31:47', 'Acceso a ReporteVenta / listar_clientes', '::1', 'Acceso Vista'),
(1, 0, '2025-04-29 11:31:47', 'Acceso a ReporteVenta / reporte_general', '::1', 'Acceso Vista'),
(1, 0, '2025-04-29 11:31:58', 'Acceso a ReporteVenta / reporte_general', '::1', 'Acceso Vista'),
(1, 0, '2025-04-29 11:31:58', 'Acceso a ReporteVenta / reporte_general', '::1', 'Acceso Vista'),
(1, 0, '2025-04-29 11:32:01', 'Acceso a ReporteVenta / reporte_general', '::1', 'Acceso Vista'),
(1, 0, '2025-04-29 11:32:01', 'Acceso a ReporteVenta / reporte_general', '::1', 'Acceso Vista'),
(1, 0, '2025-04-29 11:32:03', 'Acceso a ReporteVenta / reporte_general', '::1', 'Acceso Vista'),
(1, 0, '2025-04-29 11:32:03', 'Acceso a ReporteVenta / reporte_general', '::1', 'Acceso Vista'),
(1, 0, '2025-04-29 11:32:05', 'Acceso a ReporteVenta / reporte_general', '::1', 'Acceso Vista'),
(1, 0, '2025-04-29 11:32:05', 'Acceso a ReporteVenta / reporte_general', '::1', 'Acceso Vista'),
(1, 0, '2025-04-29 11:32:35', 'Acceso a ReporteVenta / mostrar', '::1', 'Acceso Vista'),
(1, 0, '2025-04-29 11:32:36', 'Acceso a ReporteVenta / listar_clientes', '::1', 'Acceso Vista'),
(1, 0, '2025-04-29 11:32:36', 'Acceso a ReporteVenta / reporte_general', '::1', 'Acceso Vista'),
(1, 0, '2025-04-29 11:32:50', 'Acceso a ReporteVenta / mostrar', '::1', 'Acceso Vista'),
(1, 0, '2025-04-29 11:32:51', 'Acceso a ReporteVenta / listar_clientes', '::1', 'Acceso Vista'),
(1, 0, '2025-04-29 11:32:51', 'Acceso a ReporteVenta / reporte_general', '::1', 'Acceso Vista'),
(1, 0, '2025-04-29 11:33:18', 'Acceso a ReporteVenta / mostrar', '::1', 'Acceso Vista'),
(1, 0, '2025-04-29 11:33:18', 'Acceso a ReporteVenta / listar_clientes', '::1', 'Acceso Vista'),
(1, 0, '2025-04-29 11:33:18', 'Acceso a ReporteVenta / reporte_general', '::1', 'Acceso Vista'),
(1, 0, '2025-04-29 11:33:41', 'Acceso a ReporteVenta / mostrar', '::1', 'Acceso Vista'),
(1, 0, '2025-04-29 11:33:42', 'Acceso a ReporteVenta / listar_clientes', '::1', 'Acceso Vista'),
(1, 0, '2025-04-29 11:33:42', 'Acceso a ReporteVenta / reporte_general', '::1', 'Acceso Vista'),
(1, 0, '2025-04-29 11:33:46', 'Acceso a ReporteVenta / mostrar', '::1', 'Acceso Vista'),
(1, 0, '2025-04-29 11:33:46', 'Acceso a ReporteVenta / listar_clientes', '::1', 'Acceso Vista'),
(1, 0, '2025-04-29 11:33:46', 'Acceso a ReporteVenta / reporte_general', '::1', 'Acceso Vista'),
(1, 0, '2025-04-29 11:33:49', 'Acceso a ReporteVenta / reporte_general', '::1', 'Acceso Vista'),
(1, 0, '2025-04-29 11:33:49', 'Acceso a ReporteVenta / reporte_general', '::1', 'Acceso Vista'),
(1, 0, '2025-04-29 11:33:52', 'Acceso a ReporteVenta / reporte_general', '::1', 'Acceso Vista'),
(1, 0, '2025-04-29 11:33:52', 'Acceso a ReporteVenta / reporte_general', '::1', 'Acceso Vista'),
(1, 0, '2025-04-29 11:46:49', 'Acceso a ReporteVenta / mostrar', '::1', 'Acceso Vista'),
(1, 0, '2025-04-29 11:46:50', 'Acceso a ReporteVenta / listar_clientes', '::1', 'Acceso Vista'),
(1, 0, '2025-04-29 11:46:50', 'Acceso a ReporteVenta / reporte_general', '::1', 'Acceso Vista'),
(1, 0, '2025-04-29 11:46:52', 'Acceso a ReporteVenta / mostrar', '::1', 'Acceso Vista'),
(1, 0, '2025-04-29 11:46:52', 'Acceso a ReporteVenta / listar_clientes', '::1', 'Acceso Vista'),
(1, 0, '2025-04-29 11:46:52', 'Acceso a ReporteVenta / reporte_general', '::1', 'Acceso Vista'),
(1, 0, '2025-04-29 11:47:02', 'Acceso a ReporteVenta / mostrar', '::1', 'Acceso Vista'),
(1, 0, '2025-04-29 11:47:03', 'Acceso a ReporteVenta / listar_clientes', '::1', 'Acceso Vista'),
(1, 0, '2025-04-29 11:47:03', 'Acceso a ReporteVenta / reporte_general', '::1', 'Acceso Vista'),
(1, 0, '2025-04-29 11:47:07', 'Acceso a ReporteVenta / mostrar', '::1', 'Acceso Vista'),
(1, 0, '2025-04-29 11:47:07', 'Acceso a ReporteVenta / listar_clientes', '::1', 'Acceso Vista'),
(1, 0, '2025-04-29 11:47:07', 'Acceso a ReporteVenta / reporte_general', '::1', 'Acceso Vista'),
(1, 0, '2025-04-29 12:02:59', 'Acceso a ReporteVenta / mostrar', '::1', 'Acceso Vista'),
(1, 0, '2025-04-29 12:03:00', 'Acceso a ReporteVenta / listar_clientes', '::1', 'Acceso Vista'),
(1, 0, '2025-04-29 12:03:00', 'Acceso a ReporteVenta / reporte_general', '::1', 'Acceso Vista'),
(1, 0, '2025-04-29 12:05:14', 'Acceso a ReporteVenta / mostrar', '::1', 'Acceso Vista'),
(1, 0, '2025-04-29 12:05:15', 'Acceso a ReporteVenta / listar_clientes', '::1', 'Acceso Vista'),
(1, 0, '2025-04-29 12:05:15', 'Acceso a ReporteVenta / reporte_general', '::1', 'Acceso Vista'),
(1, 0, '2025-04-29 12:05:16', 'Acceso a ReporteVenta / mostrar', '::1', 'Acceso Vista'),
(1, 0, '2025-04-29 12:05:16', 'Acceso a ReporteVenta / listar_clientes', '::1', 'Acceso Vista'),
(1, 0, '2025-04-29 12:05:17', 'Acceso a ReporteVenta / reporte_general', '::1', 'Acceso Vista'),
(1, 0, '2025-04-29 12:06:14', 'Acceso a ReporteVenta / mostrar', '::1', 'Acceso Vista'),
(1, 0, '2025-04-29 12:06:15', 'Acceso a ReporteVenta / listar_clientes', '::1', 'Acceso Vista'),
(1, 0, '2025-04-29 12:06:15', 'Acceso a ReporteVenta / reporte_general', '::1', 'Acceso Vista'),
(1, 0, '2025-04-29 12:06:32', 'Acceso a ReporteVenta / mostrar', '::1', 'Acceso Vista'),
(1, 0, '2025-04-29 12:06:34', 'Acceso a ReporteVenta / listar_clientes', '::1', 'Acceso Vista'),
(1, 0, '2025-04-29 12:06:34', 'Acceso a ReporteVenta / reporte_general', '::1', 'Acceso Vista'),
(1, 0, '2025-04-29 12:08:49', 'Acceso a ReporteVenta / mostrar', '::1', 'Acceso Vista'),
(1, 0, '2025-04-29 12:08:50', 'Acceso a ReporteVenta / listar_clientes', '::1', 'Acceso Vista'),
(1, 0, '2025-04-29 12:08:51', 'Acceso a ReporteVenta / reporte_general', '::1', 'Acceso Vista'),
(1, 0, '2025-04-29 12:09:03', 'Acceso a ReporteVenta / mostrar', '::1', 'Acceso Vista'),
(1, 0, '2025-04-29 12:09:03', 'Acceso a ReporteVenta / mostrar', '::1', 'Acceso Vista'),
(1, 0, '2025-04-29 12:09:04', 'Acceso a ReporteVenta / listar_clientes', '::1', 'Acceso Vista'),
(1, 0, '2025-04-29 12:09:04', 'Acceso a ReporteVenta / reporte_general', '::1', 'Acceso Vista'),
(1, 0, '2025-04-29 12:09:07', 'Acceso a ReporteVenta / generar_documento', '::1', 'Acceso Vista'),
(1, 0, '2025-04-29 12:12:24', 'Acceso a ReporteVenta / generar_documento', '::1', 'Acceso Vista'),
(1, 0, '2025-04-29 12:15:55', 'Acceso a ReporteVenta / generar_documento', '::1', 'Acceso Vista'),
(1, 0, '2025-04-29 12:16:17', 'Acceso a ReporteVenta / generar_documento', '::1', 'Acceso Vista'),
(1, 0, '2025-04-29 12:16:24', 'Acceso a ReporteVenta / generar_documento', '::1', 'Acceso Vista'),
(1, 0, '2025-04-29 12:17:25', 'Acceso a ReporteVenta / mostrar', '::1', 'Acceso Vista'),
(1, 0, '2025-04-29 12:17:25', 'Acceso a ReporteVenta / listar_clientes', '::1', 'Acceso Vista'),
(1, 0, '2025-04-29 12:17:26', 'Acceso a ReporteVenta / reporte_general', '::1', 'Acceso Vista'),
(1, 0, '2025-04-29 12:17:27', 'Acceso a ReporteVenta / generar_documento', '::1', 'Acceso Vista'),
(1, 0, '2025-04-29 12:17:48', 'Acceso a ReporteVenta / generar_documento', '::1', 'Acceso Vista'),
(1, 0, '2025-04-29 12:18:09', 'Acceso a ReporteVenta / mostrar', '::1', 'Acceso Vista'),
(1, 0, '2025-04-29 12:18:10', 'Acceso a ReporteVenta / listar_clientes', '::1', 'Acceso Vista'),
(1, 0, '2025-04-29 12:18:10', 'Acceso a ReporteVenta / reporte_general', '::1', 'Acceso Vista'),
(1, 0, '2025-04-29 12:18:14', 'Acceso a ReporteVenta / mostrar', '::1', 'Acceso Vista'),
(1, 0, '2025-04-29 12:18:14', 'Acceso a ReporteVenta / listar_clientes', '::1', 'Acceso Vista'),
(1, 0, '2025-04-29 12:18:14', 'Acceso a ReporteVenta / reporte_general', '::1', 'Acceso Vista'),
(1, 0, '2025-04-29 12:18:23', 'Acceso a ReporteVenta / mostrar', '::1', 'Acceso Vista'),
(1, 0, '2025-04-29 12:18:24', 'Acceso a ReporteVenta / listar_clientes', '::1', 'Acceso Vista'),
(1, 0, '2025-04-29 12:18:24', 'Acceso a ReporteVenta / reporte_general', '::1', 'Acceso Vista'),
(1, 0, '2025-04-29 12:18:31', 'LogOut Usuario admin', '::1', 'Cierre de Sesion'),
(1, 0, '2025-04-29 13:02:22', 'Inicio Sesion admin', '::1', 'Inicio Sesion'),
(1, 0, '2025-04-29 13:02:22', 'Se Produjo Un Error en los Controladores del Sistema', '::1', 'Falla Sistema'),
(1, 0, '2025-04-29 13:02:33', 'Se Produjo Un Error en los Controladores del Sistema', '::1', 'Falla Sistema'),
(1, 0, '2025-04-29 13:02:37', 'Acceso a Admin / dashboard', '::1', 'Acceso Vista'),
(1, 0, '2025-04-29 13:02:40', 'LogOut Usuario admin', '::1', 'Cierre de Sesion'),
(1, 0, '2025-04-29 13:05:46', 'Inicio Sesion admin', '::1', 'Inicio Sesion'),
(1, 0, '2025-04-29 13:05:46', 'Acceso a Admin / dashboard', '::1', 'Acceso Vista'),
(1, 0, '2025-04-29 13:05:50', 'LogOut Usuario admin', '::1', 'Cierre de Sesion'),
(1, 0, '2025-04-29 13:20:46', 'Acceso a Admin / registrate', '::1', 'Acceso Vista'),
(1, 0, '2025-04-29 13:20:57', 'Acceso a Admin / registrate', '::1', 'Acceso Vista'),
(1, 0, '2025-04-29 13:21:08', 'Acceso a Admin / registrarse', '::1', 'Acceso Vista'),
(1, 0, '2025-04-29 13:21:08', 'Se Produjo Un Error en los Controladores del Sistema', '::1', 'Falla Sistema'),
(1, 0, '2025-04-29 13:23:23', 'Acceso a Admin / registrate', '::1', 'Acceso Vista'),
(1, 0, '2025-04-29 13:23:34', 'Acceso a Admin / registrarse', '::1', 'Acceso Vista'),
(1, 0, '2025-04-29 13:23:34', 'Inicio Sesion tedy', '::1', 'Inicio Sesion'),
(1, 0, '2025-04-29 13:23:34', 'Acceso a Admin / loguearse', '::1', 'Acceso Vista'),
(1, 0, '2025-04-29 13:23:34', 'Se Produjo Un Error en los Controladores del Sistema', '::1', 'Falla Sistema'),
(1, 0, '2025-04-29 13:24:35', 'Inicio Sesion admin', '::1', 'Inicio Sesion'),
(1, 0, '2025-04-29 13:24:35', 'Acceso a Admin / dashboard', '::1', 'Acceso Vista'),
(1, 0, '2025-04-29 13:24:42', 'Acceso a Rol / mostrar', '::1', 'Acceso Vista'),
(1, 0, '2025-04-29 13:24:42', 'Acceso a Rol / crear_arbol_navbar', '::1', 'Acceso Vista'),
(1, 0, '2025-04-29 13:24:42', 'Acceso a Rol / crear_arbol_navbar', '::1', 'Acceso Vista'),
(1, 0, '2025-04-29 13:24:42', 'Acceso a Rol / listar', '::1', 'Acceso Vista'),
(1, 0, '2025-04-29 13:24:50', 'Acceso a Modulos / mostrar', '::1', 'Acceso Vista'),
(1, 0, '2025-04-29 13:24:50', 'Acceso a Modulos / mostrar_modulos', '::1', 'Acceso Vista'),
(1, 0, '2025-04-29 13:24:53', 'Acceso a Modulos / mostrar_opciones_x_modulos', '::1', 'Acceso Vista'),
(1, 0, '2025-04-29 13:25:25', 'Insertó Opcion con', '::1', 'error'),
(1, 0, '2025-04-29 13:25:25', 'Acceso a Modulos / guardar_editar_opcion', '::1', 'Acceso Vista'),
(1, 0, '2025-04-29 13:25:25', 'Acceso a Modulos / mostrar_opciones_x_modulos', '::1', 'Acceso Vista'),
(1, 0, '2025-04-29 13:25:29', 'Acceso a Modulos / mostrar', '::1', 'Acceso Vista'),
(1, 0, '2025-04-29 13:25:30', 'Acceso a Modulos / mostrar_modulos', '::1', 'Acceso Vista'),
(1, 0, '2025-04-29 13:26:58', 'Acceso a Modulos / mostrar', '::1', 'Acceso Vista'),
(1, 0, '2025-04-29 13:26:58', 'Acceso a Modulos / mostrar_modulos', '::1', 'Acceso Vista'),
(1, 0, '2025-04-29 13:27:01', 'LogOut Usuario admin', '::1', 'Cierre de Sesion'),
(1, 0, '2025-04-29 13:27:20', 'Inicio Sesion tedy', '::1', 'Inicio Sesion'),
(1, 0, '2025-04-29 13:27:20', 'Acceso a Tienda / bienvenida', '::1', 'Acceso Vista'),
(1, 0, '2025-04-29 13:27:23', 'Acceso a Admin / dashboard', '::1', 'Acceso Vista'),
(1, 0, '2025-04-29 13:28:07', 'Acceso a Tienda / home', '::1', 'Acceso Vista'),
(1, 0, '2025-04-29 13:28:07', 'Acceso a Tienda / mostrar_conciertos', '::1', 'Acceso Vista'),
(1, 0, '2025-04-29 13:28:42', 'Acceso a Tienda / home', '::1', 'Acceso Vista'),
(1, 0, '2025-04-29 13:28:42', 'Acceso a Tienda / mostrar_conciertos', '::1', 'Acceso Vista'),
(1, 0, '2025-04-29 13:28:48', 'LogOut Usuario tedy', '::1', 'Cierre de Sesion'),
(1, 0, '2025-04-29 13:28:53', 'Inicio Sesion tedy', '::1', 'Inicio Sesion'),
(1, 0, '2025-04-29 13:28:53', 'Acceso a Admin / dashboard', '::1', 'Acceso Vista'),
(1, 0, '2025-04-29 13:28:53', 'Acceso a Tienda / home', '::1', 'Acceso Vista'),
(1, 0, '2025-04-29 13:28:54', 'Acceso a Tienda / mostrar_conciertos', '::1', 'Acceso Vista'),
(1, 0, '2025-04-29 13:29:02', 'LogOut Usuario tedy', '::1', 'Cierre de Sesion'),
(0, 0, '2025-04-29 13:32:39', 'Inicio de Sesión Fallido, error en Contraseña a Usuario: tedy', '::1', 'Prohibido'),
(1, 0, '2025-04-29 13:32:42', 'Inicio Sesion tedy', '::1', 'Inicio Sesion'),
(1, 0, '2025-04-29 13:32:42', 'Acceso a Admin / dashboard', '::1', 'Acceso Vista'),
(1, 0, '2025-04-29 13:32:42', 'Acceso a Tienda / home', '::1', 'Acceso Vista'),
(1, 0, '2025-04-29 13:32:43', 'Acceso a Tienda / mostrar_conciertos', '::1', 'Acceso Vista'),
(1, 0, '2025-04-29 13:32:45', 'Acceso a Tienda / cart_full', '::1', 'Acceso Vista'),
(1, 0, '2025-04-29 13:33:00', 'Acceso a Tienda / home', '::1', 'Acceso Vista'),
(1, 0, '2025-04-29 13:33:00', 'Acceso a Tienda / mostrar_conciertos', '::1', 'Acceso Vista'),
(1, 0, '2025-04-29 13:33:02', 'Acceso a Tienda / editar_perfil', '::1', 'Acceso Vista'),
(1, 0, '2025-04-29 13:33:09', 'Acceso a Tienda / editar_pass', '::1', 'Acceso Vista'),
(1, 0, '2025-04-29 13:33:17', 'Acceso a Tienda / mis_boletos', '::1', 'Acceso Vista'),
(1, 0, '2025-04-29 13:33:24', 'LogOut Usuario tedy', '::1', 'Cierre de Sesion'),
(0, 0, '2025-04-29 13:48:02', 'Inicio de Sesión Fallido, error en Contraseña a Usuario: tedy', '::1', 'Prohibido'),
(1, 0, '2025-04-29 13:48:06', 'Inicio Sesion tedy', '::1', 'Inicio Sesion'),
(1, 0, '2025-04-29 13:48:06', 'Acceso a Admin / dashboard', '::1', 'Acceso Vista'),
(1, 0, '2025-04-29 13:48:06', 'Acceso a Tienda / home', '::1', 'Acceso Vista'),
(1, 0, '2025-04-29 13:48:06', 'Acceso a Tienda / mostrar_conciertos', '::1', 'Acceso Vista'),
(1, 0, '2025-04-29 13:48:14', 'Acceso a Tienda / conciertos', '::1', 'Acceso Vista'),
(1, 0, '2025-04-29 13:48:31', 'LogOut Usuario tedy', '::1', 'Cierre de Sesion'),
(1, 0, '2025-04-29 13:48:42', 'Inicio Sesion tedy', '::1', 'Inicio Sesion'),
(1, 0, '2025-04-29 13:48:42', 'Acceso a Admin / dashboard', '::1', 'Acceso Vista'),
(1, 0, '2025-04-29 13:48:42', 'Acceso a Tienda / home', '::1', 'Acceso Vista'),
(1, 0, '2025-04-29 13:48:43', 'Acceso a Tienda / mostrar_conciertos', '::1', 'Acceso Vista'),
(1, 0, '2025-04-29 13:48:45', 'Acceso a Tienda / editar_perfil', '::1', 'Acceso Vista'),
(1, 0, '2025-04-29 13:49:06', 'Acceso a Tienda / editar_usuario', '::1', 'Acceso Vista'),
(1, 0, '2025-04-29 13:50:15', 'Acceso a Tienda / editar_perfil', '::1', 'Acceso Vista'),
(1, 0, '2025-04-29 13:50:20', 'Acceso a Tienda / editar_perfil', '::1', 'Acceso Vista'),
(1, 0, '2025-04-29 13:50:37', 'Acceso a Tienda / editar_usuario', '::1', 'Acceso Vista'),
(1, 0, '2025-04-29 13:50:40', 'Acceso a Tienda / editar_perfil', '::1', 'Acceso Vista'),
(1, 0, '2025-04-29 13:50:42', 'Acceso a Tienda / editar_perfil', '::1', 'Acceso Vista'),
(1, 0, '2025-04-29 13:50:44', 'Acceso a Tienda / editar_usuario', '::1', 'Acceso Vista'),
(1, 0, '2025-04-29 13:50:51', 'Acceso a Tienda / cart_full', '::1', 'Acceso Vista'),
(1, 0, '2025-04-29 13:50:53', 'Acceso a Admin / dashboard', '::1', 'Acceso Vista'),
(1, 0, '2025-04-29 13:50:53', 'Acceso a Tienda / home', '::1', 'Acceso Vista'),
(1, 0, '2025-04-29 13:50:53', 'Acceso a Tienda / mostrar_conciertos', '::1', 'Acceso Vista'),
(1, 0, '2025-04-29 13:50:54', 'Acceso a Tienda / cart_full', '::1', 'Acceso Vista'),
(1, 0, '2025-04-29 13:50:56', 'Acceso a Admin / dashboard', '::1', 'Acceso Vista'),
(1, 0, '2025-04-29 13:50:56', 'Acceso a Tienda / home', '::1', 'Acceso Vista'),
(1, 0, '2025-04-29 13:50:56', 'Acceso a Tienda / mostrar_conciertos', '::1', 'Acceso Vista'),
(1, 0, '2025-04-29 13:50:58', 'Acceso a Tienda / editar_perfil', '::1', 'Acceso Vista'),
(1, 0, '2025-04-29 13:51:00', 'Acceso a Tienda / editar_usuario', '::1', 'Acceso Vista'),
(1, 0, '2025-04-29 13:51:03', 'LogOut Usuario tedy', '::1', 'Cierre de Sesion'),
(1, 0, '2025-04-29 13:51:37', 'Inicio Sesion tedy', '::1', 'Inicio Sesion'),
(1, 0, '2025-04-29 13:51:37', 'Acceso a Tienda / bienvenida', '::1', 'Acceso Vista'),
(1, 0, '2025-04-29 13:51:40', 'Acceso a Admin / dashboard', '::1', 'Acceso Vista'),
(1, 0, '2025-04-29 13:51:40', 'Acceso a Tienda / home', '::1', 'Acceso Vista'),
(1, 0, '2025-04-29 13:51:40', 'Acceso a Tienda / mostrar_conciertos', '::1', 'Acceso Vista'),
(1, 0, '2025-04-29 13:51:43', 'Acceso a Tienda / editar_perfil', '::1', 'Acceso Vista'),
(1, 0, '2025-04-29 13:52:13', 'Acceso a Tienda / editar_usuario', '::1', 'Acceso Vista'),
(1, 0, '2025-04-29 13:52:19', 'LogOut Usuario tedy', '::1', 'Cierre de Sesion'),
(1, 0, '2025-04-29 13:52:25', 'Inicio Sesion admin', '::1', 'Inicio Sesion'),
(1, 0, '2025-04-29 13:52:25', 'Acceso a Admin / dashboard', '::1', 'Acceso Vista'),
(1, 0, '2025-04-29 13:52:27', 'Acceso a Eventos / mostrar', '::1', 'Acceso Vista'),
(1, 0, '2025-04-29 13:52:28', 'Acceso a Eventos / obtener_locales', '::1', 'Acceso Vista'),
(1, 0, '2025-04-29 13:52:28', 'Acceso a Eventos / obtener_categorias', '::1', 'Acceso Vista'),
(1, 0, '2025-04-29 13:52:28', 'Acceso a Eventos / obtener_artistas', '::1', 'Acceso Vista'),
(1, 0, '2025-04-29 13:52:28', 'Acceso a Eventos / listar', '::1', 'Acceso Vista'),
(1, 0, '2025-04-29 13:53:29', 'Acceso a Eventos / mostrar', '::1', 'Acceso Vista'),
(1, 0, '2025-04-29 13:53:29', 'Acceso a Eventos / obtener_locales', '::1', 'Acceso Vista'),
(1, 0, '2025-04-29 13:53:29', 'Acceso a Eventos / obtener_categorias', '::1', 'Acceso Vista'),
(1, 0, '2025-04-29 13:53:29', 'Acceso a Eventos / obtener_artistas', '::1', 'Acceso Vista'),
(1, 0, '2025-04-29 13:53:29', 'Acceso a Eventos / listar', '::1', 'Acceso Vista'),
(1, 0, '2025-04-29 13:54:55', 'Acceso a Eventos / mostrar', '::1', 'Acceso Vista'),
(1, 0, '2025-04-29 13:54:56', 'Acceso a Eventos / obtener_locales', '::1', 'Acceso Vista'),
(1, 0, '2025-04-29 13:54:57', 'Acceso a Eventos / obtener_categorias', '::1', 'Acceso Vista'),
(1, 0, '2025-04-29 13:54:57', 'Acceso a Eventos / obtener_artistas', '::1', 'Acceso Vista'),
(1, 0, '2025-04-29 13:54:57', 'Acceso a Eventos / listar', '::1', 'Acceso Vista'),
(1, 0, '2025-04-29 13:58:20', 'Acceso a Eventos / mostrar', '::1', 'Acceso Vista'),
(1, 0, '2025-04-29 13:58:21', 'Acceso a Eventos / obtener_locales', '::1', 'Acceso Vista'),
(1, 0, '2025-04-29 13:58:21', 'Acceso a Eventos / obtener_artistas', '::1', 'Acceso Vista'),
(1, 0, '2025-04-29 13:58:21', 'Acceso a Eventos / obtener_categorias', '::1', 'Acceso Vista'),
(1, 0, '2025-04-29 13:58:21', 'Acceso a Eventos / listar', '::1', 'Acceso Vista'),
(1, 0, '2025-04-29 13:58:37', 'Acceso a Eventos / mostrar', '::1', 'Acceso Vista'),
(1, 0, '2025-04-29 13:58:38', 'Acceso a Eventos / obtener_locales', '::1', 'Acceso Vista'),
(1, 0, '2025-04-29 13:58:38', 'Acceso a Eventos / obtener_artistas', '::1', 'Acceso Vista'),
(1, 0, '2025-04-29 13:58:38', 'Acceso a Eventos / obtener_categorias', '::1', 'Acceso Vista'),
(1, 0, '2025-04-29 13:58:38', 'Acceso a Eventos / listar', '::1', 'Acceso Vista'),
(1, 0, '2025-04-29 13:59:29', 'Acceso a Eventos / mostrar', '::1', 'Acceso Vista'),
(1, 0, '2025-04-29 13:59:30', 'Acceso a Eventos / obtener_locales', '::1', 'Acceso Vista'),
(1, 0, '2025-04-29 13:59:30', 'Acceso a Eventos / obtener_categorias', '::1', 'Acceso Vista'),
(1, 0, '2025-04-29 13:59:30', 'Acceso a Eventos / obtener_artistas', '::1', 'Acceso Vista'),
(1, 0, '2025-04-29 13:59:30', 'Acceso a Eventos / listar', '::1', 'Acceso Vista'),
(1, 0, '2025-04-29 13:59:47', 'Acceso a Eventos / mostrar', '::1', 'Acceso Vista'),
(1, 0, '2025-04-29 13:59:48', 'Acceso a Eventos / obtener_locales', '::1', 'Acceso Vista'),
(1, 0, '2025-04-29 13:59:48', 'Acceso a Eventos / obtener_artistas', '::1', 'Acceso Vista'),
(1, 0, '2025-04-29 13:59:48', 'Acceso a Eventos / obtener_categorias', '::1', 'Acceso Vista'),
(1, 0, '2025-04-29 13:59:48', 'Acceso a Eventos / listar', '::1', 'Acceso Vista'),
(1, 0, '2025-04-29 14:05:24', 'Acceso a Eventos / mostrar', '::1', 'Acceso Vista'),
(1, 0, '2025-04-29 14:05:24', 'Acceso a Eventos / obtener_locales', '::1', 'Acceso Vista'),
(1, 0, '2025-04-29 14:05:24', 'Acceso a Eventos / obtener_artistas', '::1', 'Acceso Vista'),
(1, 0, '2025-04-29 14:05:24', 'Acceso a Eventos / obtener_categorias', '::1', 'Acceso Vista'),
(1, 0, '2025-04-29 14:05:24', 'Acceso a Eventos / listar', '::1', 'Acceso Vista'),
(1, 0, '2025-04-29 14:11:18', 'Acceso a Eventos / mostrar', '::1', 'Acceso Vista'),
(1, 0, '2025-04-29 14:11:19', 'Acceso a Eventos / obtener_locales', '::1', 'Acceso Vista'),
(1, 0, '2025-04-29 14:11:19', 'Acceso a Eventos / obtener_categorias', '::1', 'Acceso Vista'),
(1, 0, '2025-04-29 14:11:19', 'Acceso a Eventos / obtener_artistas', '::1', 'Acceso Vista'),
(1, 0, '2025-04-29 14:11:19', 'Acceso a Eventos / listar', '::1', 'Acceso Vista'),
(1, 0, '2025-04-29 14:11:20', 'Acceso a Eventos / obtener', '::1', 'Acceso Vista'),
(1, 0, '2025-04-29 14:18:49', 'Acceso a Eventos / mostrar', '::1', 'Acceso Vista'),
(1, 0, '2025-04-29 14:18:50', 'Acceso a Eventos / obtener_locales', '::1', 'Acceso Vista'),
(1, 0, '2025-04-29 14:18:50', 'Acceso a Eventos / obtener_categorias', '::1', 'Acceso Vista'),
(1, 0, '2025-04-29 14:18:50', 'Acceso a Eventos / obtener_artistas', '::1', 'Acceso Vista'),
(1, 0, '2025-04-29 14:18:50', 'Acceso a Eventos / listar', '::1', 'Acceso Vista'),
(1, 0, '2025-04-29 14:20:23', 'Acceso a Eventos / obtener', '::1', 'Acceso Vista'),
(1, 0, '2025-04-29 14:21:14', 'Acceso a Eventos / mostrar', '::1', 'Acceso Vista'),
(1, 0, '2025-04-29 14:21:15', 'Acceso a Eventos / obtener_locales', '::1', 'Acceso Vista'),
(1, 0, '2025-04-29 14:21:15', 'Acceso a Eventos / obtener_artistas', '::1', 'Acceso Vista'),
(1, 0, '2025-04-29 14:21:15', 'Acceso a Eventos / obtener_categorias', '::1', 'Acceso Vista'),
(1, 0, '2025-04-29 14:21:15', 'Acceso a Eventos / listar', '::1', 'Acceso Vista'),
(1, 0, '2025-04-29 14:23:40', 'Acceso a Eventos / mostrar', '::1', 'Acceso Vista'),
(1, 0, '2025-04-29 14:23:42', 'Acceso a Eventos / obtener_categorias', '::1', 'Acceso Vista'),
(1, 0, '2025-04-29 14:23:42', 'Acceso a Eventos / obtener_artistas', '::1', 'Acceso Vista'),
(1, 0, '2025-04-29 14:23:42', 'Acceso a Eventos / obtener_locales', '::1', 'Acceso Vista'),
(1, 0, '2025-04-29 14:23:42', 'Acceso a Eventos / listar', '::1', 'Acceso Vista'),
(1, 0, '2025-04-29 14:23:43', 'Acceso a Eventos / obtener', '::1', 'Acceso Vista'),
(1, 0, '2025-04-29 14:24:02', 'Acceso a Eventos / mostrar', '::1', 'Acceso Vista'),
(1, 0, '2025-04-29 14:24:03', 'Acceso a Eventos / obtener_categorias', '::1', 'Acceso Vista'),
(1, 0, '2025-04-29 14:24:03', 'Acceso a Eventos / obtener_locales', '::1', 'Acceso Vista'),
(1, 0, '2025-04-29 14:24:03', 'Acceso a Eventos / obtener_artistas', '::1', 'Acceso Vista'),
(1, 0, '2025-04-29 14:24:03', 'Acceso a Eventos / listar', '::1', 'Acceso Vista'),
(1, 0, '2025-04-29 14:24:04', 'Acceso a Eventos / obtener', '::1', 'Acceso Vista'),
(1, 0, '2025-04-29 14:24:32', 'Acceso a Eventos / mostrar', '::1', 'Acceso Vista'),
(1, 0, '2025-04-29 14:24:32', 'Acceso a Eventos / obtener_locales', '::1', 'Acceso Vista'),
(1, 0, '2025-04-29 14:24:32', 'Acceso a Eventos / obtener_categorias', '::1', 'Acceso Vista'),
(1, 0, '2025-04-29 14:24:32', 'Acceso a Eventos / obtener_artistas', '::1', 'Acceso Vista'),
(1, 0, '2025-04-29 14:24:32', 'Acceso a Eventos / listar', '::1', 'Acceso Vista'),
(1, 0, '2025-04-29 14:24:34', 'Acceso a Eventos / obtener', '::1', 'Acceso Vista'),
(1, 0, '2025-04-29 14:24:49', 'Acceso a Eventos / mostrar', '::1', 'Acceso Vista'),
(1, 0, '2025-04-29 14:24:49', 'Acceso a Eventos / obtener_locales', '::1', 'Acceso Vista'),
(1, 0, '2025-04-29 14:24:49', 'Acceso a Eventos / obtener_categorias', '::1', 'Acceso Vista'),
(1, 0, '2025-04-29 14:24:49', 'Acceso a Eventos / obtener_artistas', '::1', 'Acceso Vista'),
(1, 0, '2025-04-29 14:24:49', 'Acceso a Eventos / listar', '::1', 'Acceso Vista'),
(1, 0, '2025-04-29 14:24:50', 'Acceso a Eventos / obtener', '::1', 'Acceso Vista'),
(1, 0, '2025-04-29 14:25:06', 'Acceso a Eventos / mostrar', '::1', 'Acceso Vista'),
(1, 0, '2025-04-29 14:25:06', 'Acceso a Eventos / obtener_locales', '::1', 'Acceso Vista'),
(1, 0, '2025-04-29 14:25:06', 'Acceso a Eventos / obtener_artistas', '::1', 'Acceso Vista'),
(1, 0, '2025-04-29 14:25:06', 'Acceso a Eventos / obtener_categorias', '::1', 'Acceso Vista'),
(1, 0, '2025-04-29 14:25:06', 'Acceso a Eventos / listar', '::1', 'Acceso Vista'),
(1, 0, '2025-04-29 14:31:39', 'Acceso a Eventos / mostrar', '::1', 'Acceso Vista'),
(1, 0, '2025-04-29 14:31:40', 'Acceso a Eventos / obtener_locales', '::1', 'Acceso Vista'),
(1, 0, '2025-04-29 14:31:40', 'Acceso a Eventos / obtener_categorias', '::1', 'Acceso Vista'),
(1, 0, '2025-04-29 14:31:40', 'Acceso a Eventos / obtener_artistas', '::1', 'Acceso Vista'),
(1, 0, '2025-04-29 14:31:40', 'Acceso a Eventos / listar', '::1', 'Acceso Vista'),
(1, 0, '2025-04-29 14:32:14', 'Acceso a Eventos / mostrar', '::1', 'Acceso Vista'),
(1, 0, '2025-04-29 14:32:14', 'Acceso a Eventos / obtener_locales', '::1', 'Acceso Vista'),
(1, 0, '2025-04-29 14:32:14', 'Acceso a Eventos / obtener_categorias', '::1', 'Acceso Vista'),
(1, 0, '2025-04-29 14:32:14', 'Acceso a Eventos / obtener_artistas', '::1', 'Acceso Vista'),
(1, 0, '2025-04-29 14:32:14', 'Acceso a Eventos / listar', '::1', 'Acceso Vista'),
(1, 0, '2025-04-29 14:37:31', 'Acceso a Eventos / mostrar', '::1', 'Acceso Vista'),
(1, 0, '2025-04-29 14:37:32', 'Acceso a Eventos / obtener_categorias', '::1', 'Acceso Vista'),
(1, 0, '2025-04-29 14:37:32', 'Acceso a Eventos / obtener_locales', '::1', 'Acceso Vista'),
(1, 0, '2025-04-29 14:37:32', 'Acceso a Eventos / obtener_artistas', '::1', 'Acceso Vista'),
(1, 0, '2025-04-29 14:37:32', 'Acceso a Eventos / listar', '::1', 'Acceso Vista'),
(1, 0, '2025-04-29 14:39:16', 'Acceso a Eventos / mostrar', '::1', 'Acceso Vista'),
(1, 0, '2025-04-29 14:39:17', 'Acceso a Eventos / obtener_categorias', '::1', 'Acceso Vista'),
(1, 0, '2025-04-29 14:39:17', 'Acceso a Eventos / obtener_artistas', '::1', 'Acceso Vista'),
(1, 0, '2025-04-29 14:39:17', 'Acceso a Eventos / obtener_locales', '::1', 'Acceso Vista'),
(1, 0, '2025-04-29 14:39:17', 'Acceso a Eventos / listar', '::1', 'Acceso Vista'),
(1, 0, '2025-04-29 14:39:55', 'Acceso a Eventos / mostrar', '::1', 'Acceso Vista'),
(1, 0, '2025-04-29 14:39:55', 'Acceso a Eventos / obtener_locales', '::1', 'Acceso Vista'),
(1, 0, '2025-04-29 14:39:55', 'Acceso a Eventos / obtener_categorias', '::1', 'Acceso Vista'),
(1, 0, '2025-04-29 14:39:55', 'Acceso a Eventos / obtener_artistas', '::1', 'Acceso Vista'),
(1, 0, '2025-04-29 14:39:55', 'Acceso a Eventos / listar', '::1', 'Acceso Vista'),
(1, 0, '2025-04-29 14:40:54', 'Acceso a Eventos / mostrar', '::1', 'Acceso Vista'),
(1, 0, '2025-04-29 14:40:55', 'Acceso a Eventos / obtener_locales', '::1', 'Acceso Vista'),
(1, 0, '2025-04-29 14:40:55', 'Acceso a Eventos / obtener_categorias', '::1', 'Acceso Vista'),
(1, 0, '2025-04-29 14:40:55', 'Acceso a Eventos / obtener_artistas', '::1', 'Acceso Vista'),
(1, 0, '2025-04-29 14:40:55', 'Acceso a Eventos / listar', '::1', 'Acceso Vista'),
(1, 0, '2025-04-29 14:42:30', 'Acceso a Eventos / mostrar', '::1', 'Acceso Vista'),
(1, 0, '2025-04-29 14:42:31', 'Acceso a Eventos / obtener_locales', '::1', 'Acceso Vista'),
(1, 0, '2025-04-29 14:42:31', 'Acceso a Eventos / obtener_categorias', '::1', 'Acceso Vista'),
(1, 0, '2025-04-29 14:42:31', 'Acceso a Eventos / obtener_artistas', '::1', 'Acceso Vista'),
(1, 0, '2025-04-29 14:42:31', 'Acceso a Eventos / listar', '::1', 'Acceso Vista'),
(1, 0, '2025-04-29 14:44:02', 'Acceso a Eventos / mostrar', '::1', 'Acceso Vista'),
(1, 0, '2025-04-29 14:44:02', 'Acceso a Eventos / obtener_categorias', '::1', 'Acceso Vista'),
(1, 0, '2025-04-29 14:44:02', 'Acceso a Eventos / obtener_locales', '::1', 'Acceso Vista'),
(1, 0, '2025-04-29 14:44:02', 'Acceso a Eventos / obtener_artistas', '::1', 'Acceso Vista'),
(1, 0, '2025-04-29 14:44:02', 'Acceso a Eventos / listar', '::1', 'Acceso Vista'),
(1, 0, '2025-04-29 14:45:02', 'Insertó Eventos con ID:', '::1', 'Guardar'),
(1, 0, '2025-04-29 14:45:02', 'Acceso a Eventos / guardar_editar', '::1', 'Acceso Vista'),
(1, 0, '2025-04-29 14:45:02', 'Acceso a Eventos / listar', '::1', 'Acceso Vista'),
(1, 0, '2025-04-29 14:45:44', 'Acceso a Eventos / obtener', '::1', 'Acceso Vista'),
(1, 0, '2025-04-29 14:46:59', 'Acceso a Eventos / mostrar', '::1', 'Acceso Vista'),
(1, 0, '2025-04-29 14:47:00', 'Acceso a Eventos / obtener_locales', '::1', 'Acceso Vista'),
(1, 0, '2025-04-29 14:47:00', 'Acceso a Eventos / obtener_categorias', '::1', 'Acceso Vista'),
(1, 0, '2025-04-29 14:47:00', 'Acceso a Eventos / obtener_artistas', '::1', 'Acceso Vista'),
(1, 0, '2025-04-29 14:47:00', 'Acceso a Eventos / listar', '::1', 'Acceso Vista'),
(1, 0, '2025-04-29 14:47:03', 'Acceso a Eventos / obtener', '::1', 'Acceso Vista'),
(1, 0, '2025-04-29 14:47:12', 'Editó Eventos con ID:36', '::1', 'Editar'),
(1, 0, '2025-04-29 14:47:12', 'Acceso a Eventos / guardar_editar', '::1', 'Acceso Vista'),
(1, 0, '2025-04-29 14:47:12', 'Acceso a Eventos / listar', '::1', 'Acceso Vista'),
(1, 0, '2025-04-29 14:47:15', 'Acceso a Eventos / obtener', '::1', 'Acceso Vista'),
(1, 0, '2025-04-29 14:47:59', 'LogOut Usuario admin', '::1', 'Cierre de Sesion'),
(0, 0, '2025-04-30 16:15:05', 'Inicio de Sesión Fallido, error en Contraseña a Usuario: tedy', '::1', 'Prohibido'),
(0, 0, '2025-04-30 16:15:08', 'Inicio de Sesión Fallido, error en Contraseña a Usuario: tedy', '::1', 'Prohibido'),
(1, 0, '2025-04-30 16:15:10', 'Inicio Sesion tedy', '::1', 'Inicio Sesion'),
(1, 0, '2025-04-30 16:15:10', 'Acceso a Admin / dashboard', '::1', 'Acceso Vista'),
(1, 0, '2025-04-30 16:15:10', 'Acceso a Tienda / home', '::1', 'Acceso Vista'),
(1, 0, '2025-04-30 16:15:10', 'Acceso a Tienda / mostrar_conciertos', '::1', 'Acceso Vista'),
(1, 0, '2025-04-30 16:15:14', 'Acceso a Tienda / home', '::1', 'Acceso Vista'),
(1, 0, '2025-04-30 16:15:14', 'Acceso a Tienda / mostrar_conciertos', '::1', 'Acceso Vista'),
(1, 0, '2025-04-30 16:15:17', 'Acceso a Admin / dashboard', '::1', 'Acceso Vista'),
(1, 0, '2025-04-30 16:15:17', 'Acceso a Tienda / home', '::1', 'Acceso Vista'),
(1, 0, '2025-04-30 16:15:17', 'Acceso a Admin / dashboard', '::1', 'Acceso Vista'),
(1, 0, '2025-04-30 16:15:17', 'Acceso a Tienda / home', '::1', 'Acceso Vista'),
(1, 0, '2025-04-30 16:15:17', 'Acceso a Tienda / mostrar_conciertos', '::1', 'Acceso Vista'),
(1, 0, '2025-04-30 16:15:26', 'Acceso a Tienda / conciertos', '::1', 'Acceso Vista'),
(1, 0, '2025-04-30 16:15:31', 'Acceso a Tienda / cart_full', '::1', 'Acceso Vista'),
(1, 0, '2025-04-30 16:15:32', 'Acceso a Tienda / proceder_pago', '::1', 'Acceso Vista'),
(1, 0, '2025-04-30 16:15:36', 'Acceso a Tienda / guardar_editar_comprar_entradas', '::1', 'Acceso Vista'),
(1, 0, '2025-04-30 16:15:36', 'Acceso a Tienda / exito', '::1', 'Acceso Vista'),
(1, 0, '2025-04-30 16:15:38', 'Acceso a Tienda / mis_boletos', '::1', 'Acceso Vista'),
(1, 0, '2025-04-30 16:15:49', 'Acceso a Tienda / mis_boletos', '::1', 'Acceso Vista'),
(1, 0, '2025-04-30 16:16:07', 'Acceso a Tienda / mis_boletos', '::1', 'Acceso Vista'),
(1, 0, '2025-04-30 16:16:10', 'Acceso a Tienda / mis_boletos', '::1', 'Acceso Vista'),
(1, 0, '2025-04-30 16:16:43', 'Acceso a Tienda / mis_boletos', '::1', 'Acceso Vista'),
(1, 0, '2025-04-30 16:19:07', 'Acceso a Tienda / mis_boletos', '::1', 'Acceso Vista'),
(1, 0, '2025-04-30 16:27:35', 'Acceso a Tienda / mis_boletos', '::1', 'Acceso Vista'),
(1, 0, '2025-04-30 16:28:04', 'Acceso a Tienda / mis_boletos', '::1', 'Acceso Vista'),
(1, 0, '2025-04-30 16:28:07', 'Acceso a Tienda / generar_documento', '::1', 'Acceso Vista'),
(1, 0, '2025-04-30 16:33:05', 'Acceso a Tienda / generar_documento', '::1', 'Acceso Vista'),
(1, 0, '2025-04-30 16:33:21', 'Acceso a Tienda / mis_boletos', '::1', 'Acceso Vista'),
(1, 0, '2025-04-30 16:33:23', 'Acceso a Tienda / generar_documento', '::1', 'Acceso Vista'),
(1, 0, '2025-04-30 16:34:28', 'Acceso a Tienda / mis_boletos', '::1', 'Acceso Vista');
INSERT INTO `bitacora` (`usu_id`, `suc_id`, `bit_fecha`, `bit_accion`, `bit_ip`, `bit_tipo`) VALUES
(1, 0, '2025-04-30 16:34:29', 'Acceso a Tienda / generar_documento', '::1', 'Acceso Vista'),
(1, 0, '2025-04-30 16:36:53', 'Acceso a Tienda / mis_boletos', '::1', 'Acceso Vista'),
(1, 0, '2025-04-30 16:36:55', 'Acceso a Tienda / generar_documento', '::1', 'Acceso Vista'),
(1, 0, '2025-04-30 16:40:43', 'Acceso a Tienda / generar_documento', '::1', 'Acceso Vista'),
(1, 0, '2025-04-30 16:42:05', 'Acceso a Tienda / mis_boletos', '::1', 'Acceso Vista'),
(1, 0, '2025-04-30 16:42:06', 'Acceso a Tienda / generar_documento', '::1', 'Acceso Vista'),
(1, 0, '2025-04-30 16:43:48', 'Acceso a Tienda / mis_boletos', '::1', 'Acceso Vista'),
(1, 0, '2025-04-30 16:43:49', 'Acceso a Tienda / generar_documento', '::1', 'Acceso Vista'),
(1, 0, '2025-04-30 16:46:32', 'Acceso a Tienda / generar_documento', '::1', 'Acceso Vista'),
(1, 0, '2025-04-30 16:47:54', 'Acceso a Tienda / generar_documento', '::1', 'Acceso Vista'),
(1, 0, '2025-04-30 16:49:16', 'Acceso a Tienda / mis_boletos', '::1', 'Acceso Vista'),
(1, 0, '2025-04-30 16:49:18', 'Acceso a Tienda / generar_documento', '::1', 'Acceso Vista'),
(1, 0, '2025-04-30 16:50:24', 'Acceso a Tienda / mis_boletos', '::1', 'Acceso Vista'),
(1, 0, '2025-04-30 16:50:26', 'Acceso a Tienda / generar_documento', '::1', 'Acceso Vista'),
(1, 0, '2025-04-30 16:51:14', 'Acceso a Tienda / generar_documento', '::1', 'Acceso Vista'),
(1, 0, '2025-04-30 16:51:50', 'Acceso a Tienda / generar_documento', '::1', 'Acceso Vista'),
(1, 0, '2025-04-30 16:52:20', 'Acceso a Tienda / generar_documento', '::1', 'Acceso Vista'),
(1, 0, '2025-04-30 16:52:39', 'Acceso a Tienda / generar_documento', '::1', 'Acceso Vista'),
(1, 0, '2025-04-30 16:52:53', 'Acceso a Tienda / generar_documento', '::1', 'Acceso Vista'),
(1, 0, '2025-04-30 16:53:17', 'Acceso a Tienda / generar_documento', '::1', 'Acceso Vista'),
(1, 0, '2025-04-30 16:53:48', 'Acceso a Tienda / generar_documento', '::1', 'Acceso Vista'),
(1, 0, '2025-04-30 16:54:26', 'Acceso a Tienda / generar_documento', '::1', 'Acceso Vista'),
(1, 0, '2025-04-30 16:57:07', 'Acceso a Admin / dashboard', '::1', 'Acceso Vista'),
(1, 0, '2025-04-30 16:57:07', 'Acceso a Tienda / home', '::1', 'Acceso Vista'),
(1, 0, '2025-04-30 16:57:07', 'Acceso a Tienda / mostrar_conciertos', '::1', 'Acceso Vista'),
(1, 0, '2025-04-30 16:57:14', 'Acceso a Tienda / mis_boletos', '::1', 'Acceso Vista'),
(1, 0, '2025-05-02 09:42:44', 'Acceso a Tienda / mis_boletos', '::1', 'Acceso Vista'),
(1, 0, '2025-05-02 09:42:48', 'Acceso a Admin / dashboard', '::1', 'Acceso Vista'),
(1, 0, '2025-05-02 09:42:49', 'Acceso a Tienda / home', '::1', 'Acceso Vista'),
(1, 0, '2025-05-02 09:42:49', 'Acceso a Tienda / mostrar_conciertos', '::1', 'Acceso Vista'),
(1, 0, '2025-05-02 09:43:09', 'Acceso a Tienda / conciertos', '::1', 'Acceso Vista'),
(1, 0, '2025-05-02 09:43:10', 'Acceso a Tienda / home', '::1', 'Acceso Vista'),
(1, 0, '2025-05-02 09:43:11', 'Acceso a Tienda / mostrar_conciertos', '::1', 'Acceso Vista'),
(1, 0, '2025-05-02 09:43:11', 'Acceso a Tienda / home', '::1', 'Acceso Vista'),
(1, 0, '2025-05-02 09:43:11', 'Acceso a Tienda / mostrar_conciertos', '::1', 'Acceso Vista'),
(1, 0, '2025-05-02 09:43:13', 'Acceso a Tienda / home', '::1', 'Acceso Vista'),
(1, 0, '2025-05-02 09:43:13', 'Acceso a Tienda / mostrar_conciertos', '::1', 'Acceso Vista'),
(1, 0, '2025-05-02 09:45:25', 'Acceso a Tienda / home', '::1', 'Acceso Vista'),
(1, 0, '2025-05-02 09:45:25', 'Acceso a Tienda / mostrar_conciertos', '::1', 'Acceso Vista'),
(1, 0, '2025-05-02 10:12:53', 'Acceso a Tienda / home', '::1', 'Acceso Vista'),
(1, 0, '2025-05-02 10:12:53', 'Acceso a Tienda / mostrar_conciertos', '::1', 'Acceso Vista'),
(1, 0, '2025-05-02 10:13:19', 'Acceso a Tienda / home', '::1', 'Acceso Vista'),
(1, 0, '2025-05-02 10:13:19', 'Acceso a Tienda / mostrar_conciertos', '::1', 'Acceso Vista'),
(1, 0, '2025-05-02 10:13:21', 'Acceso a Tienda / mostrar_conciertos', '::1', 'Acceso Vista'),
(1, 0, '2025-05-02 10:13:26', 'Acceso a Tienda / home', '::1', 'Acceso Vista'),
(1, 0, '2025-05-02 10:13:26', 'Acceso a Tienda / home', '::1', 'Acceso Vista'),
(1, 0, '2025-05-02 10:13:27', 'Acceso a Tienda / home', '::1', 'Acceso Vista'),
(1, 0, '2025-05-02 10:13:27', 'Acceso a Tienda / mostrar_conciertos', '::1', 'Acceso Vista'),
(1, 0, '2025-05-02 10:13:30', 'Acceso a Tienda / mostrar_conciertos', '::1', 'Acceso Vista'),
(1, 0, '2025-05-02 10:13:38', 'Acceso a Tienda / home', '::1', 'Acceso Vista'),
(1, 0, '2025-05-02 10:13:39', 'Acceso a Tienda / mostrar_conciertos', '::1', 'Acceso Vista'),
(1, 0, '2025-05-02 10:13:41', 'Acceso a Tienda / mostrar_conciertos', '::1', 'Acceso Vista'),
(1, 0, '2025-05-02 10:13:50', 'Acceso a Tienda / home', '::1', 'Acceso Vista'),
(1, 0, '2025-05-02 10:13:52', 'Acceso a Tienda / mostrar_conciertos', '::1', 'Acceso Vista'),
(1, 0, '2025-05-02 10:13:55', 'Acceso a Tienda / mostrar_conciertos', '::1', 'Acceso Vista'),
(1, 0, '2025-05-02 10:13:56', 'Acceso a Tienda / mostrar_conciertos', '::1', 'Acceso Vista'),
(1, 0, '2025-05-02 10:14:40', 'Acceso a Tienda / home', '::1', 'Acceso Vista'),
(1, 0, '2025-05-02 10:14:43', 'Acceso a Tienda / mostrar_conciertos', '::1', 'Acceso Vista'),
(1, 0, '2025-05-02 10:14:47', 'Acceso a Tienda / mostrar_conciertos', '::1', 'Acceso Vista'),
(1, 0, '2025-05-02 10:14:58', 'Acceso a Tienda / home', '::1', 'Acceso Vista'),
(1, 0, '2025-05-02 10:14:58', 'Acceso a Tienda / mostrar_conciertos', '::1', 'Acceso Vista'),
(1, 0, '2025-05-02 10:15:02', 'Acceso a Tienda / mostrar_conciertos', '::1', 'Acceso Vista'),
(1, 0, '2025-05-02 10:15:05', 'Acceso a Tienda / mostrar_conciertos', '::1', 'Acceso Vista'),
(1, 0, '2025-05-02 10:15:06', 'Acceso a Tienda / mostrar_conciertos', '::1', 'Acceso Vista'),
(1, 0, '2025-05-02 10:15:07', 'Acceso a Tienda / mostrar_conciertos', '::1', 'Acceso Vista'),
(1, 0, '2025-05-02 10:15:10', 'Acceso a Tienda / mostrar_conciertos', '::1', 'Acceso Vista'),
(1, 0, '2025-05-02 10:15:39', 'Acceso a Tienda / home', '::1', 'Acceso Vista'),
(1, 0, '2025-05-02 10:15:40', 'Acceso a Tienda / mostrar_conciertos', '::1', 'Acceso Vista'),
(1, 0, '2025-05-02 10:15:41', 'Acceso a Tienda / mostrar_conciertos', '::1', 'Acceso Vista'),
(1, 0, '2025-05-02 10:15:42', 'Acceso a Tienda / mostrar_conciertos', '::1', 'Acceso Vista'),
(1, 0, '2025-05-02 10:16:12', 'Acceso a Tienda / home', '::1', 'Acceso Vista'),
(1, 0, '2025-05-02 10:16:13', 'Acceso a Tienda / mostrar_conciertos', '::1', 'Acceso Vista'),
(1, 0, '2025-05-02 10:16:14', 'Acceso a Tienda / mostrar_conciertos', '::1', 'Acceso Vista'),
(1, 0, '2025-05-02 10:16:19', 'Acceso a Tienda / mostrar_conciertos', '::1', 'Acceso Vista'),
(1, 0, '2025-05-02 10:16:22', 'Acceso a Tienda / mostrar_conciertos', '::1', 'Acceso Vista'),
(1, 0, '2025-05-02 10:16:49', 'Acceso a Tienda / home', '::1', 'Acceso Vista'),
(1, 0, '2025-05-02 10:16:49', 'Acceso a Tienda / mostrar_conciertos', '::1', 'Acceso Vista'),
(1, 0, '2025-05-02 10:16:52', 'Acceso a Tienda / mostrar_conciertos', '::1', 'Acceso Vista'),
(1, 0, '2025-05-02 10:16:54', 'Acceso a Tienda / mostrar_conciertos', '::1', 'Acceso Vista'),
(1, 0, '2025-05-02 10:16:55', 'Acceso a Tienda / mostrar_conciertos', '::1', 'Acceso Vista'),
(1, 0, '2025-05-02 10:16:58', 'Acceso a Tienda / home', '::1', 'Acceso Vista'),
(1, 0, '2025-05-02 10:16:58', 'Acceso a Tienda / mostrar_conciertos', '::1', 'Acceso Vista'),
(1, 0, '2025-05-02 10:20:55', 'Acceso a Tienda / conciertos', '::1', 'Acceso Vista'),
(1, 0, '2025-05-02 10:21:06', 'Acceso a Admin / dashboard', '::1', 'Acceso Vista'),
(1, 0, '2025-05-02 10:21:06', 'Acceso a Tienda / home', '::1', 'Acceso Vista'),
(1, 0, '2025-05-02 10:21:07', 'Acceso a Tienda / mostrar_conciertos', '::1', 'Acceso Vista'),
(1, 0, '2025-05-02 10:23:48', 'Acceso a Tienda / home', '::1', 'Acceso Vista'),
(1, 0, '2025-05-02 10:23:48', 'Acceso a Tienda / mostrar_conciertos', '::1', 'Acceso Vista'),
(1, 0, '2025-05-02 10:23:52', 'LogOut Usuario tedy', '::1', 'Cierre de Sesion'),
(1, 1, '2025-05-04 14:34:25', 'Acceso a Admin / dashboard', '::1', 'Acceso Vista'),
(1, 1, '2025-05-04 14:34:31', 'Acceso a Eventos / mostrar', '::1', 'Acceso Vista'),
(1, 1, '2025-05-04 14:34:31', 'Acceso a Eventos / obtener_categorias', '::1', 'Acceso Vista'),
(1, 1, '2025-05-04 14:34:31', 'Acceso a Eventos / obtener_locales', '::1', 'Acceso Vista'),
(1, 1, '2025-05-04 14:34:31', 'Acceso a Eventos / obtener_artistas', '::1', 'Acceso Vista'),
(1, 1, '2025-05-04 14:34:31', 'Acceso a Eventos / listar', '::1', 'Acceso Vista'),
(1, 1, '2025-05-04 14:37:59', 'Insertó Eventos con ID:', '::1', 'Guardar'),
(1, 1, '2025-05-04 14:37:59', 'Acceso a Eventos / guardar_editar', '::1', 'Acceso Vista'),
(1, 1, '2025-05-04 14:38:00', 'Acceso a Eventos / listar', '::1', 'Acceso Vista'),
(1, 1, '2025-05-04 14:40:08', 'Acceso a Eventos / obtener', '::1', 'Acceso Vista'),
(1, 1, '2025-05-04 14:40:18', 'Editó Eventos con ID:37', '::1', 'Editar'),
(1, 1, '2025-05-04 14:40:18', 'Acceso a Eventos / guardar_editar', '::1', 'Acceso Vista'),
(1, 1, '2025-05-04 14:40:18', 'Acceso a Eventos / listar', '::1', 'Acceso Vista'),
(1, 1, '2025-05-04 14:41:03', 'Acceso a Eventos / obtener', '::1', 'Acceso Vista'),
(1, 1, '2025-05-04 14:41:56', 'Acceso a Eventos / mostrar', '::1', 'Acceso Vista'),
(1, 1, '2025-05-04 14:41:56', 'Acceso a Eventos / mostrar', '::1', 'Acceso Vista'),
(1, 1, '2025-05-04 14:41:57', 'Acceso a Eventos / obtener_artistas', '::1', 'Acceso Vista'),
(1, 1, '2025-05-04 14:41:57', 'Acceso a Eventos / obtener_locales', '::1', 'Acceso Vista'),
(1, 1, '2025-05-04 14:41:57', 'Acceso a Eventos / obtener_categorias', '::1', 'Acceso Vista'),
(1, 1, '2025-05-04 14:41:57', 'Acceso a Eventos / listar', '::1', 'Acceso Vista'),
(1, 1, '2025-05-04 14:41:59', 'Acceso a Eventos / obtener', '::1', 'Acceso Vista'),
(1, 1, '2025-05-04 14:42:12', 'Acceso a Eventos / mostrar', '::1', 'Acceso Vista'),
(1, 1, '2025-05-04 14:42:12', 'Acceso a Eventos / mostrar', '::1', 'Acceso Vista'),
(1, 1, '2025-05-04 14:42:13', 'Acceso a Eventos / obtener_locales', '::1', 'Acceso Vista'),
(1, 1, '2025-05-04 14:42:13', 'Acceso a Eventos / obtener_artistas', '::1', 'Acceso Vista'),
(1, 1, '2025-05-04 14:42:13', 'Acceso a Eventos / obtener_categorias', '::1', 'Acceso Vista'),
(1, 1, '2025-05-04 14:42:13', 'Acceso a Eventos / listar', '::1', 'Acceso Vista'),
(1, 1, '2025-05-04 14:42:20', 'Acceso a Eventos / obtener', '::1', 'Acceso Vista'),
(1, 1, '2025-05-04 14:42:25', 'Acceso a Eventos / mostrar', '::1', 'Acceso Vista'),
(1, 1, '2025-05-04 14:42:25', 'Acceso a Eventos / obtener_locales', '::1', 'Acceso Vista'),
(1, 1, '2025-05-04 14:42:25', 'Acceso a Eventos / obtener_categorias', '::1', 'Acceso Vista'),
(1, 1, '2025-05-04 14:42:25', 'Acceso a Eventos / obtener_artistas', '::1', 'Acceso Vista'),
(1, 1, '2025-05-04 14:42:25', 'Acceso a Eventos / listar', '::1', 'Acceso Vista'),
(1, 1, '2025-05-04 14:42:29', 'Acceso a Eventos / mostrar', '::1', 'Acceso Vista'),
(1, 1, '2025-05-04 14:42:30', 'Acceso a Eventos / obtener_locales', '::1', 'Acceso Vista'),
(1, 1, '2025-05-04 14:42:30', 'Acceso a Eventos / obtener_categorias', '::1', 'Acceso Vista'),
(1, 1, '2025-05-04 14:42:30', 'Acceso a Eventos / obtener_artistas', '::1', 'Acceso Vista'),
(1, 1, '2025-05-04 14:42:30', 'Acceso a Eventos / listar', '::1', 'Acceso Vista'),
(1, 1, '2025-05-04 14:42:31', 'Acceso a Eventos / obtener', '::1', 'Acceso Vista'),
(1, 1, '2025-05-04 14:42:37', 'LogOut Usuario ANDRES', '::1', 'Cierre de Sesion'),
(1, 0, '2025-05-04 14:45:55', 'Inicio Sesion tedy', '::1', 'Inicio Sesion'),
(1, 0, '2025-05-04 14:45:55', 'Acceso a Admin / dashboard', '::1', 'Acceso Vista'),
(1, 0, '2025-05-04 14:45:55', 'Acceso a Tienda / home', '::1', 'Acceso Vista'),
(1, 0, '2025-05-04 14:45:56', 'Acceso a Tienda / mostrar_conciertos', '::1', 'Acceso Vista'),
(1, 0, '2025-05-04 14:45:58', 'Acceso a Tienda / cart_full', '::1', 'Acceso Vista'),
(1, 0, '2025-05-04 14:46:09', 'Acceso a Tienda / proceder_pago', '::1', 'Acceso Vista'),
(1, 0, '2025-05-04 14:46:11', 'Acceso a Tienda / guardar_editar_comprar_entradas', '::1', 'Acceso Vista'),
(1, 0, '2025-05-04 14:46:11', 'Acceso a Tienda / exito', '::1', 'Acceso Vista'),
(1, 0, '2025-05-04 14:46:12', 'Acceso a Tienda / mis_boletos', '::1', 'Acceso Vista'),
(1, 0, '2025-05-04 14:46:17', 'Acceso a Tienda / generar_documento', '::1', 'Acceso Vista'),
(1, 0, '2025-05-04 14:46:25', 'LogOut Usuario tedy', '::1', 'Cierre de Sesion'),
(1, 0, '2025-05-04 14:46:29', 'Inicio Sesion admin', '::1', 'Inicio Sesion'),
(1, 0, '2025-05-04 14:46:29', 'Acceso a Admin / dashboard', '::1', 'Acceso Vista'),
(1, 0, '2025-05-04 14:46:34', 'Acceso a ReporteVenta / mostrar', '::1', 'Acceso Vista'),
(1, 0, '2025-05-04 14:46:34', 'Acceso a ReporteVenta / listar_clientes', '::1', 'Acceso Vista'),
(1, 0, '2025-05-04 14:46:34', 'Acceso a ReporteVenta / reporte_general', '::1', 'Acceso Vista'),
(1, 0, '2025-05-04 14:46:42', 'Acceso a ReporteVenta / mostrar', '::1', 'Acceso Vista'),
(1, 0, '2025-05-04 14:46:42', 'Acceso a ReporteVenta / listar_clientes', '::1', 'Acceso Vista'),
(1, 0, '2025-05-04 14:46:42', 'Acceso a ReporteVenta / reporte_general', '::1', 'Acceso Vista'),
(1, 0, '2025-05-04 14:46:43', 'Acceso a ReporteVenta / generar_documento', '::1', 'Acceso Vista'),
(1, 0, '2025-05-04 14:46:56', 'LogOut Usuario admin', '::1', 'Cierre de Sesion'),
(1, 1, '2025-05-04 16:46:36', 'Acceso a Admin / dashboard', '::1', 'Acceso Vista'),
(1, 0, '2025-05-11 16:28:11', 'Inicio Sesion admin', '::1', 'Inicio Sesion'),
(1, 0, '2025-05-11 16:28:11', 'Acceso a Admin / dashboard', '::1', 'Acceso Vista'),
(1, 0, '2025-05-11 16:28:20', 'Acceso a Eventos / mostrar', '::1', 'Acceso Vista'),
(1, 0, '2025-05-11 16:28:20', 'Acceso a Eventos / obtener_locales', '::1', 'Acceso Vista'),
(1, 0, '2025-05-11 16:28:20', 'Acceso a Eventos / obtener_categorias', '::1', 'Acceso Vista'),
(1, 0, '2025-05-11 16:28:20', 'Acceso a Eventos / obtener_artistas', '::1', 'Acceso Vista'),
(1, 0, '2025-05-11 16:28:20', 'Acceso a Eventos / listar', '::1', 'Acceso Vista'),
(1, 0, '2025-05-11 16:28:29', 'Acceso a Rol / mostrar', '::1', 'Acceso Vista'),
(1, 0, '2025-05-11 16:28:29', 'Acceso a Rol / crear_arbol_navbar', '::1', 'Acceso Vista'),
(1, 0, '2025-05-11 16:28:29', 'Acceso a Rol / crear_arbol_navbar', '::1', 'Acceso Vista'),
(1, 0, '2025-05-11 16:28:29', 'Acceso a Rol / listar', '::1', 'Acceso Vista'),
(1, 0, '2025-05-11 16:28:31', 'Acceso a Modulos / mostrar', '::1', 'Acceso Vista'),
(1, 0, '2025-05-11 16:28:31', 'Acceso a Modulos / mostrar_modulos', '::1', 'Acceso Vista'),
(1, 0, '2025-05-11 16:28:44', 'Acceso a Admin / dashboard', '::1', 'Acceso Vista'),
(1, 0, '2025-05-11 16:29:18', 'Insertó Modulo con', '::1', 'ok'),
(1, 0, '2025-05-11 16:29:18', 'Acceso a Modulos / guardar_editar_modulo', '::1', 'Acceso Vista'),
(1, 0, '2025-05-11 16:29:18', 'Acceso a Modulos / mostrar_modulos', '::1', 'Acceso Vista'),
(1, 0, '2025-05-11 16:29:26', 'Cambio orden Modulos', '::1', 'ok'),
(1, 0, '2025-05-11 16:29:26', 'Acceso a Modulos / cambiar_orden_modulos', '::1', 'Acceso Vista'),
(1, 0, '2025-05-11 16:29:31', 'Acceso a Admin / dashboard', '::1', 'Acceso Vista'),
(1, 0, '2025-05-11 16:30:01', 'Acceso a Modulos / mostrar_opciones_x_modulos', '::1', 'Acceso Vista'),
(1, 0, '2025-05-11 16:30:16', 'Insertó Opcion con', '::1', 'error'),
(1, 0, '2025-05-11 16:30:16', 'Acceso a Modulos / guardar_editar_opcion', '::1', 'Acceso Vista'),
(1, 0, '2025-05-11 16:30:16', 'Acceso a Modulos / mostrar_opciones_x_modulos', '::1', 'Acceso Vista'),
(1, 0, '2025-05-11 16:30:28', 'Acceso a Modulos / mostrar', '::1', 'Acceso Vista'),
(1, 0, '2025-05-11 16:30:28', 'Acceso a Modulos / mostrar_modulos', '::1', 'Acceso Vista'),
(1, 0, '2025-05-11 16:30:34', 'Acceso a Eventos / mostrar', '::1', 'Acceso Vista'),
(1, 0, '2025-05-11 16:30:34', 'Acceso a Eventos / obtener_locales', '::1', 'Acceso Vista'),
(1, 0, '2025-05-11 16:30:34', 'Acceso a Eventos / obtener_categorias', '::1', 'Acceso Vista'),
(1, 0, '2025-05-11 16:30:34', 'Acceso a Eventos / obtener_artistas', '::1', 'Acceso Vista'),
(1, 0, '2025-05-11 16:30:34', 'Acceso a Eventos / listar', '::1', 'Acceso Vista'),
(1, 0, '2025-05-11 16:31:48', 'Acceso a Eventos / mostrar', '::1', 'Acceso Vista'),
(1, 0, '2025-05-11 16:31:48', 'Acceso a Eventos / obtener_artistas', '::1', 'Acceso Vista'),
(1, 0, '2025-05-11 16:31:48', 'Acceso a Eventos / obtener_locales', '::1', 'Acceso Vista'),
(1, 0, '2025-05-11 16:31:48', 'Acceso a Eventos / obtener_categorias', '::1', 'Acceso Vista'),
(1, 0, '2025-05-11 16:31:48', 'Acceso a Eventos / listar', '::1', 'Acceso Vista'),
(1, 0, '2025-05-11 16:32:30', 'Acceso a Eventos / mostrar', '::1', 'Acceso Vista'),
(1, 0, '2025-05-11 16:32:30', 'Acceso a Eventos / obtener_locales', '::1', 'Acceso Vista'),
(1, 0, '2025-05-11 16:32:30', 'Acceso a Eventos / obtener_categorias', '::1', 'Acceso Vista'),
(1, 0, '2025-05-11 16:32:30', 'Acceso a Eventos / obtener_artistas', '::1', 'Acceso Vista'),
(1, 0, '2025-05-11 16:32:30', 'Acceso a Eventos / listar', '::1', 'Acceso Vista'),
(1, 0, '2025-05-11 16:33:00', 'Acceso a Admin / dashboard', '::1', 'Acceso Vista'),
(1, 0, '2025-05-11 16:34:03', 'Acceso a Admin / dashboard', '::1', 'Acceso Vista'),
(1, 0, '2025-05-11 16:40:58', 'Inicio Sesion admin', '::1', 'Inicio Sesion'),
(1, 0, '2025-05-11 16:40:58', 'Acceso a Admin / dashboard', '::1', 'Acceso Vista'),
(1, 0, '2025-05-11 16:41:04', 'Acceso a Modulos / mostrar', '::1', 'Acceso Vista'),
(1, 0, '2025-05-11 16:41:04', 'Acceso a Modulos / mostrar_modulos', '::1', 'Acceso Vista'),
(1, 0, '2025-05-11 16:41:07', 'Acceso a Modulos / mostrar_opciones_x_modulos', '::1', 'Acceso Vista'),
(1, 0, '2025-05-11 16:41:23', 'Editó Opcion con ID:15', '::1', 'ok'),
(1, 0, '2025-05-11 16:41:23', 'Acceso a Modulos / guardar_editar_opcion', '::1', 'Acceso Vista'),
(1, 0, '2025-05-11 16:41:23', 'Acceso a Modulos / mostrar_opciones_x_modulos', '::1', 'Acceso Vista'),
(1, 0, '2025-05-11 16:41:29', 'Acceso a Modulos / mostrar', '::1', 'Acceso Vista'),
(1, 0, '2025-05-11 16:41:30', 'Acceso a Modulos / mostrar_modulos', '::1', 'Acceso Vista'),
(1, 0, '2025-05-11 16:41:44', 'Acceso a Modulos / mostrar_opciones_x_modulos', '::1', 'Acceso Vista'),
(1, 0, '2025-05-11 16:41:59', 'Acceso a Cliente / mostrar', '::1', 'Acceso Vista'),
(1, 0, '2025-05-11 16:42:17', 'Acceso a Cliente / mostrar', '::1', 'Acceso Vista'),
(1, 0, '2025-05-11 16:42:17', 'Acceso a Cliente / seleccionar_tipo_documento', '::1', 'Acceso Vista'),
(1, 0, '2025-05-11 16:42:17', 'Acceso a Cliente / listar', '::1', 'Acceso Vista'),
(1, 0, '2025-05-11 16:42:26', 'Acceso a Eventos / mostrar', '::1', 'Acceso Vista'),
(1, 0, '2025-05-11 16:42:26', 'Acceso a Eventos / obtener_locales', '::1', 'Acceso Vista'),
(1, 0, '2025-05-11 16:42:26', 'Acceso a Eventos / obtener_categorias', '::1', 'Acceso Vista'),
(1, 0, '2025-05-11 16:42:26', 'Acceso a Eventos / obtener_artistas', '::1', 'Acceso Vista'),
(1, 0, '2025-05-11 16:42:26', 'Acceso a Eventos / listar', '::1', 'Acceso Vista'),
(1, 0, '2025-05-11 16:42:30', 'Acceso a Cliente / mostrar', '::1', 'Acceso Vista'),
(1, 0, '2025-05-11 16:42:30', 'Acceso a Cliente / seleccionar_tipo_documento', '::1', 'Acceso Vista'),
(1, 0, '2025-05-11 16:42:30', 'Acceso a Cliente / listar', '::1', 'Acceso Vista'),
(1, 0, '2025-05-11 16:45:34', 'Acceso a Cliente / mostrar', '::1', 'Acceso Vista'),
(1, 0, '2025-05-11 16:45:34', 'Acceso a Cliente / seleccionar_tipo_documento', '::1', 'Acceso Vista'),
(1, 0, '2025-05-11 16:45:34', 'Acceso a Cliente / listar', '::1', 'Acceso Vista'),
(1, 0, '2025-05-11 16:45:35', 'Acceso a Eventos / mostrar', '::1', 'Acceso Vista'),
(1, 0, '2025-05-11 16:45:36', 'Acceso a Eventos / obtener_locales', '::1', 'Acceso Vista'),
(1, 0, '2025-05-11 16:45:36', 'Acceso a Eventos / obtener_categorias', '::1', 'Acceso Vista'),
(1, 0, '2025-05-11 16:45:36', 'Acceso a Eventos / obtener_artistas', '::1', 'Acceso Vista'),
(1, 0, '2025-05-11 16:45:36', 'Acceso a Eventos / listar', '::1', 'Acceso Vista'),
(1, 0, '2025-05-11 16:45:38', 'Acceso a Cliente / mostrar', '::1', 'Acceso Vista'),
(1, 0, '2025-05-11 16:45:38', 'Acceso a Cliente / seleccionar_tipo_documento', '::1', 'Acceso Vista'),
(1, 0, '2025-05-11 16:45:38', 'Acceso a Cliente / listar', '::1', 'Acceso Vista'),
(1, 0, '2025-05-11 16:46:22', 'Acceso a Cliente / mostrar', '::1', 'Acceso Vista'),
(1, 0, '2025-05-11 16:46:22', 'Acceso a Cliente / seleccionar_tipo_documento', '::1', 'Acceso Vista'),
(1, 0, '2025-05-11 16:46:22', 'Acceso a Cliente / listar', '::1', 'Acceso Vista'),
(1, 0, '2025-05-11 16:47:54', 'Inserto Cliente', '::1', 'guardar'),
(1, 0, '2025-05-11 16:47:54', 'Acceso a Cliente / guardar_editar', '::1', 'Acceso Vista'),
(1, 0, '2025-05-11 16:47:54', 'Acceso a Cliente / listar', '::1', 'Acceso Vista'),
(1, 0, '2025-05-11 16:47:58', 'Acceso a Eventos / mostrar', '::1', 'Acceso Vista'),
(1, 0, '2025-05-11 16:47:58', 'Acceso a Eventos / obtener_locales', '::1', 'Acceso Vista'),
(1, 0, '2025-05-11 16:47:58', 'Acceso a Eventos / obtener_categorias', '::1', 'Acceso Vista'),
(1, 0, '2025-05-11 16:47:58', 'Acceso a Eventos / obtener_artistas', '::1', 'Acceso Vista'),
(1, 0, '2025-05-11 16:47:58', 'Acceso a Eventos / listar', '::1', 'Acceso Vista'),
(1, 0, '2025-05-11 16:48:48', 'Acceso a Eventos / mostrar', '::1', 'Acceso Vista'),
(1, 0, '2025-05-11 16:48:49', 'Acceso a Eventos / obtener_locales', '::1', 'Acceso Vista'),
(1, 0, '2025-05-11 16:48:49', 'Acceso a Eventos / obtener_categorias', '::1', 'Acceso Vista'),
(1, 0, '2025-05-11 16:48:49', 'Acceso a Eventos / obtener_artistas', '::1', 'Acceso Vista'),
(1, 0, '2025-05-11 16:48:49', 'Acceso a Eventos / listar', '::1', 'Acceso Vista'),
(1, 0, '2025-05-11 16:48:57', 'Acceso a Cliente / mostrar', '::1', 'Acceso Vista'),
(1, 0, '2025-05-11 16:48:58', 'Acceso a Cliente / seleccionar_tipo_documento', '::1', 'Acceso Vista'),
(1, 0, '2025-05-11 16:48:58', 'Acceso a Cliente / listar', '::1', 'Acceso Vista'),
(1, 0, '2025-05-11 16:56:57', 'Acceso a Cliente / mostrar', '::1', 'Acceso Vista'),
(1, 0, '2025-05-11 16:56:58', 'Acceso a Cliente / seleccionar_tipo_documento', '::1', 'Acceso Vista'),
(1, 0, '2025-05-11 16:56:58', 'Acceso a Cliente / listar', '::1', 'Acceso Vista'),
(1, 0, '2025-05-11 16:56:59', 'Acceso a Artistas / mostrar', '::1', 'Acceso Vista'),
(1, 0, '2025-05-11 16:56:59', 'Acceso a Artistas / listar', '::1', 'Acceso Vista'),
(1, 0, '2025-05-11 16:57:00', 'Acceso a Eventos / mostrar', '::1', 'Acceso Vista'),
(1, 0, '2025-05-11 16:57:01', 'Acceso a Eventos / obtener_locales', '::1', 'Acceso Vista'),
(1, 0, '2025-05-11 16:57:01', 'Acceso a Eventos / obtener_categorias', '::1', 'Acceso Vista'),
(1, 0, '2025-05-11 16:57:01', 'Acceso a Eventos / obtener_artistas', '::1', 'Acceso Vista'),
(1, 0, '2025-05-11 16:57:01', 'Acceso a Eventos / listar', '::1', 'Acceso Vista'),
(1, 0, '2025-05-11 16:57:25', 'Acceso a Eventos / mostrar', '::1', 'Acceso Vista'),
(1, 0, '2025-05-11 16:57:25', 'Acceso a Eventos / obtener_categorias', '::1', 'Acceso Vista'),
(1, 0, '2025-05-11 16:57:25', 'Acceso a Eventos / obtener_locales', '::1', 'Acceso Vista'),
(1, 0, '2025-05-11 16:57:25', 'Acceso a Eventos / obtener_clientes', '::1', 'Acceso Vista'),
(1, 0, '2025-05-11 16:57:25', 'Acceso a Eventos / obtener_artistas', '::1', 'Acceso Vista'),
(1, 0, '2025-05-11 16:57:25', 'Acceso a Eventos / listar', '::1', 'Acceso Vista'),
(1, 0, '2025-05-11 16:57:54', 'Acceso a Eventos / mostrar', '::1', 'Acceso Vista'),
(1, 0, '2025-05-11 16:57:55', 'Acceso a Eventos / obtener_locales', '::1', 'Acceso Vista'),
(1, 0, '2025-05-11 16:57:55', 'Acceso a Eventos / obtener_artistas', '::1', 'Acceso Vista'),
(1, 0, '2025-05-11 16:57:55', 'Acceso a Eventos / obtener_categorias', '::1', 'Acceso Vista'),
(1, 0, '2025-05-11 16:57:55', 'Acceso a Eventos / obtener_clientes', '::1', 'Acceso Vista'),
(1, 0, '2025-05-11 16:57:55', 'Acceso a Eventos / listar', '::1', 'Acceso Vista'),
(1, 0, '2025-05-11 16:58:38', 'Acceso a Eventos / mostrar', '::1', 'Acceso Vista'),
(1, 0, '2025-05-11 16:58:39', 'Acceso a Eventos / obtener_locales', '::1', 'Acceso Vista'),
(1, 0, '2025-05-11 16:58:39', 'Acceso a Eventos / obtener_artistas', '::1', 'Acceso Vista'),
(1, 0, '2025-05-11 16:58:39', 'Acceso a Eventos / obtener_categorias', '::1', 'Acceso Vista'),
(1, 0, '2025-05-11 16:58:39', 'Acceso a Eventos / obtener_clientes', '::1', 'Acceso Vista'),
(1, 0, '2025-05-11 16:58:39', 'Acceso a Eventos / listar', '::1', 'Acceso Vista'),
(1, 0, '2025-05-11 16:58:49', 'Acceso a Eventos / mostrar', '::1', 'Acceso Vista'),
(1, 0, '2025-05-11 16:58:49', 'Acceso a Eventos / mostrar', '::1', 'Acceso Vista'),
(1, 0, '2025-05-11 16:58:49', 'Acceso a Eventos / mostrar', '::1', 'Acceso Vista'),
(1, 0, '2025-05-11 16:58:50', 'Acceso a Eventos / mostrar', '::1', 'Acceso Vista'),
(1, 0, '2025-05-11 16:58:50', 'Acceso a Eventos / mostrar', '::1', 'Acceso Vista'),
(1, 0, '2025-05-11 16:58:51', 'Acceso a Eventos / obtener_artistas', '::1', 'Acceso Vista'),
(1, 0, '2025-05-11 16:58:51', 'Acceso a Eventos / obtener_categorias', '::1', 'Acceso Vista'),
(1, 0, '2025-05-11 16:58:51', 'Acceso a Eventos / obtener_locales', '::1', 'Acceso Vista'),
(1, 0, '2025-05-11 16:58:51', 'Acceso a Eventos / obtener_clientes', '::1', 'Acceso Vista'),
(1, 0, '2025-05-11 16:58:51', 'Acceso a Eventos / listar', '::1', 'Acceso Vista'),
(1, 0, '2025-05-11 16:59:03', 'Acceso a Eventos / mostrar', '::1', 'Acceso Vista'),
(1, 0, '2025-05-11 16:59:04', 'Acceso a Eventos / obtener_categorias', '::1', 'Acceso Vista'),
(1, 0, '2025-05-11 16:59:04', 'Acceso a Eventos / obtener_locales', '::1', 'Acceso Vista'),
(1, 0, '2025-05-11 16:59:04', 'Acceso a Eventos / obtener_artistas', '::1', 'Acceso Vista'),
(1, 0, '2025-05-11 16:59:04', 'Acceso a Eventos / obtener_clientes', '::1', 'Acceso Vista'),
(1, 0, '2025-05-11 16:59:04', 'Acceso a Eventos / listar', '::1', 'Acceso Vista'),
(1, 0, '2025-05-11 16:59:27', 'Acceso a Eventos / mostrar', '::1', 'Acceso Vista'),
(1, 0, '2025-05-11 16:59:28', 'Acceso a Eventos / obtener_locales', '::1', 'Acceso Vista'),
(1, 0, '2025-05-11 16:59:28', 'Acceso a Eventos / obtener_categorias', '::1', 'Acceso Vista'),
(1, 0, '2025-05-11 16:59:28', 'Acceso a Eventos / obtener_artistas', '::1', 'Acceso Vista'),
(1, 0, '2025-05-11 16:59:28', 'Acceso a Eventos / obtener_clientes', '::1', 'Acceso Vista'),
(1, 0, '2025-05-11 16:59:28', 'Acceso a Eventos / listar', '::1', 'Acceso Vista'),
(1, 0, '2025-05-11 17:00:15', 'Acceso a Eventos / mostrar', '::1', 'Acceso Vista'),
(1, 0, '2025-05-11 17:00:15', 'Acceso a Eventos / obtener_locales', '::1', 'Acceso Vista'),
(1, 0, '2025-05-11 17:00:15', 'Acceso a Eventos / obtener_categorias', '::1', 'Acceso Vista'),
(1, 0, '2025-05-11 17:00:15', 'Acceso a Eventos / obtener_artistas', '::1', 'Acceso Vista'),
(1, 0, '2025-05-11 17:00:15', 'Acceso a Eventos / obtener_clientes', '::1', 'Acceso Vista'),
(1, 0, '2025-05-11 17:00:16', 'Acceso a Eventos / listar', '::1', 'Acceso Vista'),
(1, 0, '2025-05-11 17:00:28', 'Acceso a Eventos / mostrar', '::1', 'Acceso Vista'),
(1, 0, '2025-05-11 17:00:29', 'Acceso a Eventos / obtener_categorias', '::1', 'Acceso Vista'),
(1, 0, '2025-05-11 17:00:29', 'Acceso a Eventos / obtener_artistas', '::1', 'Acceso Vista'),
(1, 0, '2025-05-11 17:00:29', 'Acceso a Eventos / obtener_clientes', '::1', 'Acceso Vista'),
(1, 0, '2025-05-11 17:00:29', 'Acceso a Eventos / obtener_locales', '::1', 'Acceso Vista'),
(1, 0, '2025-05-11 17:00:29', 'Acceso a Eventos / listar', '::1', 'Acceso Vista'),
(1, 0, '2025-05-11 17:00:36', 'Acceso a Eventos / mostrar', '::1', 'Acceso Vista'),
(1, 0, '2025-05-11 17:00:37', 'Acceso a Eventos / obtener_locales', '::1', 'Acceso Vista'),
(1, 0, '2025-05-11 17:00:37', 'Acceso a Eventos / obtener_categorias', '::1', 'Acceso Vista'),
(1, 0, '2025-05-11 17:00:37', 'Acceso a Eventos / obtener_artistas', '::1', 'Acceso Vista'),
(1, 0, '2025-05-11 17:00:37', 'Acceso a Eventos / obtener_clientes', '::1', 'Acceso Vista'),
(1, 0, '2025-05-11 17:00:37', 'Acceso a Eventos / listar', '::1', 'Acceso Vista'),
(1, 0, '2025-05-11 17:01:16', 'Inicio Sesion admin', '::1', 'Inicio Sesion'),
(1, 0, '2025-05-11 17:01:16', 'Acceso a Admin / dashboard', '::1', 'Acceso Vista'),
(1, 0, '2025-05-11 17:01:18', 'Acceso a Eventos / mostrar', '::1', 'Acceso Vista'),
(1, 0, '2025-05-11 17:01:19', 'Acceso a Eventos / obtener_categorias', '::1', 'Acceso Vista'),
(1, 0, '2025-05-11 17:01:19', 'Acceso a Eventos / obtener_locales', '::1', 'Acceso Vista'),
(1, 0, '2025-05-11 17:01:19', 'Acceso a Eventos / obtener_clientes', '::1', 'Acceso Vista'),
(1, 0, '2025-05-11 17:01:19', 'Acceso a Eventos / obtener_artistas', '::1', 'Acceso Vista'),
(1, 0, '2025-05-11 17:01:19', 'Acceso a Eventos / listar', '::1', 'Acceso Vista'),
(1, 0, '2025-05-11 17:01:57', 'Acceso a Eventos / mostrar', '::1', 'Acceso Vista'),
(1, 0, '2025-05-11 17:01:58', 'Acceso a Eventos / obtener_locales', '::1', 'Acceso Vista'),
(1, 0, '2025-05-11 17:01:58', 'Acceso a Eventos / obtener_categorias', '::1', 'Acceso Vista'),
(1, 0, '2025-05-11 17:01:58', 'Acceso a Eventos / obtener_clientes', '::1', 'Acceso Vista'),
(1, 0, '2025-05-11 17:01:58', 'Acceso a Eventos / obtener_artistas', '::1', 'Acceso Vista'),
(1, 0, '2025-05-11 17:01:58', 'Acceso a Eventos / listar', '::1', 'Acceso Vista'),
(1, 0, '2025-05-11 17:02:08', 'Acceso a Eventos / mostrar', '::1', 'Acceso Vista'),
(1, 0, '2025-05-11 17:02:09', 'Acceso a Eventos / obtener_artistas', '::1', 'Acceso Vista'),
(1, 0, '2025-05-11 17:02:09', 'Acceso a Eventos / obtener_clientes', '::1', 'Acceso Vista'),
(1, 0, '2025-05-11 17:02:09', 'Acceso a Eventos / obtener_categorias', '::1', 'Acceso Vista'),
(1, 0, '2025-05-11 17:02:09', 'Acceso a Eventos / obtener_locales', '::1', 'Acceso Vista'),
(1, 0, '2025-05-11 17:02:09', 'Acceso a Eventos / listar', '::1', 'Acceso Vista'),
(1, 0, '2025-05-11 17:05:30', 'Acceso a Eventos / mostrar', '::1', 'Acceso Vista'),
(1, 0, '2025-05-11 17:05:30', 'Acceso a Eventos / obtener_categorias', '::1', 'Acceso Vista'),
(1, 0, '2025-05-11 17:05:30', 'Acceso a Eventos / obtener_locales', '::1', 'Acceso Vista'),
(1, 0, '2025-05-11 17:05:30', 'Acceso a Eventos / obtener_artistas', '::1', 'Acceso Vista'),
(1, 0, '2025-05-11 17:05:30', 'Acceso a Eventos / obtener_clientes', '::1', 'Acceso Vista'),
(1, 0, '2025-05-11 17:05:30', 'Acceso a Eventos / listar', '::1', 'Acceso Vista'),
(1, 0, '2025-05-11 17:08:30', 'Acceso a Eventos / mostrar', '::1', 'Acceso Vista'),
(1, 0, '2025-05-11 17:08:30', 'Acceso a Eventos / obtener_locales', '::1', 'Acceso Vista'),
(1, 0, '2025-05-11 17:08:30', 'Acceso a Eventos / obtener_categorias', '::1', 'Acceso Vista'),
(1, 0, '2025-05-11 17:08:30', 'Acceso a Eventos / obtener_clientes', '::1', 'Acceso Vista'),
(1, 0, '2025-05-11 17:08:30', 'Acceso a Eventos / obtener_artistas', '::1', 'Acceso Vista'),
(1, 0, '2025-05-11 17:08:30', 'Acceso a Eventos / listar', '::1', 'Acceso Vista'),
(1, 0, '2025-05-11 17:08:46', 'Acceso a Eventos / mostrar', '::1', 'Acceso Vista'),
(1, 0, '2025-05-11 17:08:47', 'Acceso a Eventos / obtener_categorias', '::1', 'Acceso Vista'),
(1, 0, '2025-05-11 17:08:47', 'Acceso a Eventos / obtener_locales', '::1', 'Acceso Vista'),
(1, 0, '2025-05-11 17:08:47', 'Acceso a Eventos / obtener_artistas', '::1', 'Acceso Vista'),
(1, 0, '2025-05-11 17:08:47', 'Acceso a Eventos / obtener_clientes', '::1', 'Acceso Vista'),
(1, 0, '2025-05-11 17:08:47', 'Acceso a Eventos / listar', '::1', 'Acceso Vista'),
(1, 0, '2025-05-11 17:09:16', 'Acceso a Eventos / mostrar', '::1', 'Acceso Vista'),
(1, 0, '2025-05-11 17:09:16', 'Acceso a Eventos / obtener_locales', '::1', 'Acceso Vista'),
(1, 0, '2025-05-11 17:09:16', 'Acceso a Eventos / obtener_artistas', '::1', 'Acceso Vista'),
(1, 0, '2025-05-11 17:09:16', 'Acceso a Eventos / obtener_categorias', '::1', 'Acceso Vista'),
(1, 0, '2025-05-11 17:09:17', 'Acceso a Eventos / obtener_clientes', '::1', 'Acceso Vista'),
(1, 0, '2025-05-11 17:09:17', 'Acceso a Eventos / listar', '::1', 'Acceso Vista'),
(1, 0, '2025-05-11 17:09:18', 'Acceso a Eventos / obtener', '::1', 'Acceso Vista'),
(1, 0, '2025-05-11 17:09:23', 'Acceso a Eventos / mostrar', '::1', 'Acceso Vista'),
(1, 0, '2025-05-11 17:09:23', 'Acceso a Eventos / obtener_locales', '::1', 'Acceso Vista'),
(1, 0, '2025-05-11 17:09:23', 'Acceso a Eventos / obtener_categorias', '::1', 'Acceso Vista'),
(1, 0, '2025-05-11 17:09:23', 'Acceso a Eventos / obtener_artistas', '::1', 'Acceso Vista'),
(1, 0, '2025-05-11 17:09:23', 'Acceso a Eventos / obtener_clientes', '::1', 'Acceso Vista'),
(1, 0, '2025-05-11 17:09:23', 'Acceso a Eventos / listar', '::1', 'Acceso Vista'),
(1, 0, '2025-05-11 17:09:24', 'Acceso a Eventos / obtener', '::1', 'Acceso Vista'),
(1, 0, '2025-05-11 17:10:01', 'Acceso a Eventos / mostrar', '::1', 'Acceso Vista'),
(1, 0, '2025-05-11 17:10:01', 'Acceso a Eventos / obtener_locales', '::1', 'Acceso Vista'),
(1, 0, '2025-05-11 17:10:01', 'Acceso a Eventos / obtener_categorias', '::1', 'Acceso Vista'),
(1, 0, '2025-05-11 17:10:01', 'Acceso a Eventos / obtener_clientes', '::1', 'Acceso Vista'),
(1, 0, '2025-05-11 17:10:01', 'Acceso a Eventos / obtener_artistas', '::1', 'Acceso Vista'),
(1, 0, '2025-05-11 17:10:01', 'Acceso a Eventos / listar', '::1', 'Acceso Vista'),
(1, 0, '2025-05-11 17:11:53', 'Acceso a Cliente / mostrar', '::1', 'Acceso Vista'),
(1, 0, '2025-05-11 17:11:53', 'Acceso a Cliente / seleccionar_tipo_documento', '::1', 'Acceso Vista'),
(1, 0, '2025-05-11 17:11:53', 'Acceso a Cliente / listar', '::1', 'Acceso Vista'),
(1, 0, '2025-05-11 17:13:09', 'Inserto Cliente', '::1', 'guardar'),
(1, 0, '2025-05-11 17:13:09', 'Acceso a Cliente / guardar_editar', '::1', 'Acceso Vista'),
(1, 0, '2025-05-11 17:13:09', 'Acceso a Cliente / listar', '::1', 'Acceso Vista'),
(1, 0, '2025-05-11 17:13:11', 'Acceso a Eventos / mostrar', '::1', 'Acceso Vista'),
(1, 0, '2025-05-11 17:13:11', 'Acceso a Eventos / obtener_locales', '::1', 'Acceso Vista'),
(1, 0, '2025-05-11 17:13:11', 'Acceso a Eventos / obtener_categorias', '::1', 'Acceso Vista'),
(1, 0, '2025-05-11 17:13:11', 'Acceso a Eventos / obtener_artistas', '::1', 'Acceso Vista'),
(1, 0, '2025-05-11 17:13:11', 'Acceso a Eventos / obtener_clientes', '::1', 'Acceso Vista'),
(1, 0, '2025-05-11 17:13:11', 'Acceso a Eventos / listar', '::1', 'Acceso Vista'),
(1, 0, '2025-05-11 17:13:22', 'Acceso a Eventos / mostrar', '::1', 'Acceso Vista'),
(1, 0, '2025-05-11 17:13:23', 'Acceso a Eventos / obtener_locales', '::1', 'Acceso Vista'),
(1, 0, '2025-05-11 17:13:23', 'Acceso a Eventos / obtener_categorias', '::1', 'Acceso Vista'),
(1, 0, '2025-05-11 17:13:23', 'Acceso a Eventos / obtener_artistas', '::1', 'Acceso Vista'),
(1, 0, '2025-05-11 17:13:23', 'Acceso a Eventos / obtener_clientes', '::1', 'Acceso Vista'),
(1, 0, '2025-05-11 17:13:23', 'Acceso a Eventos / listar', '::1', 'Acceso Vista'),
(1, 0, '2025-05-11 17:13:25', 'Acceso a Cliente / mostrar', '::1', 'Acceso Vista'),
(1, 0, '2025-05-11 17:13:25', 'Acceso a Cliente / seleccionar_tipo_documento', '::1', 'Acceso Vista'),
(1, 0, '2025-05-11 17:13:25', 'Acceso a Cliente / listar', '::1', 'Acceso Vista'),
(1, 0, '2025-05-11 17:13:29', 'Acceso a Eventos / mostrar', '::1', 'Acceso Vista'),
(1, 0, '2025-05-11 17:13:29', 'Acceso a Eventos / obtener_locales', '::1', 'Acceso Vista'),
(1, 0, '2025-05-11 17:13:29', 'Acceso a Eventos / obtener_categorias', '::1', 'Acceso Vista'),
(1, 0, '2025-05-11 17:13:29', 'Acceso a Eventos / obtener_clientes', '::1', 'Acceso Vista'),
(1, 0, '2025-05-11 17:13:29', 'Acceso a Eventos / obtener_artistas', '::1', 'Acceso Vista'),
(1, 0, '2025-05-11 17:13:29', 'Acceso a Eventos / listar', '::1', 'Acceso Vista'),
(1, 0, '2025-05-11 17:13:46', 'Acceso a Cliente / mostrar', '::1', 'Acceso Vista'),
(1, 0, '2025-05-11 17:13:46', 'Acceso a Cliente / seleccionar_tipo_documento', '::1', 'Acceso Vista'),
(1, 0, '2025-05-11 17:13:46', 'Acceso a Cliente / listar', '::1', 'Acceso Vista'),
(1, 0, '2025-05-11 17:13:48', 'Acceso a Eventos / mostrar', '::1', 'Acceso Vista'),
(1, 0, '2025-05-11 17:13:48', 'Acceso a Eventos / obtener_locales', '::1', 'Acceso Vista'),
(1, 0, '2025-05-11 17:13:48', 'Acceso a Eventos / obtener_categorias', '::1', 'Acceso Vista'),
(1, 0, '2025-05-11 17:13:48', 'Acceso a Eventos / obtener_artistas', '::1', 'Acceso Vista'),
(1, 0, '2025-05-11 17:13:48', 'Acceso a Eventos / obtener_clientes', '::1', 'Acceso Vista'),
(1, 0, '2025-05-11 17:13:48', 'Acceso a Eventos / listar', '::1', 'Acceso Vista'),
(1, 0, '2025-05-11 17:14:00', 'Acceso a Cliente / mostrar', '::1', 'Acceso Vista'),
(1, 0, '2025-05-11 17:14:00', 'Acceso a Cliente / seleccionar_tipo_documento', '::1', 'Acceso Vista'),
(1, 0, '2025-05-11 17:14:00', 'Acceso a Cliente / listar', '::1', 'Acceso Vista'),
(1, 0, '2025-05-11 17:14:24', 'Acceso a Cliente / mostrar', '::1', 'Acceso Vista'),
(1, 0, '2025-05-11 17:14:24', 'Acceso a Cliente / seleccionar_tipo_documento', '::1', 'Acceso Vista'),
(1, 0, '2025-05-11 17:14:24', 'Acceso a Cliente / listar', '::1', 'Acceso Vista'),
(1, 0, '2025-05-11 17:14:58', 'Acceso a Eventos / mostrar', '::1', 'Acceso Vista'),
(1, 0, '2025-05-11 17:14:58', 'Acceso a Eventos / obtener_locales', '::1', 'Acceso Vista'),
(1, 0, '2025-05-11 17:14:58', 'Acceso a Eventos / obtener_categorias', '::1', 'Acceso Vista'),
(1, 0, '2025-05-11 17:14:58', 'Acceso a Eventos / obtener_clientes', '::1', 'Acceso Vista'),
(1, 0, '2025-05-11 17:14:58', 'Acceso a Eventos / obtener_artistas', '::1', 'Acceso Vista'),
(1, 0, '2025-05-11 17:14:58', 'Acceso a Eventos / listar', '::1', 'Acceso Vista'),
(1, 0, '2025-05-11 17:15:05', 'Acceso a Cliente / mostrar', '::1', 'Acceso Vista'),
(1, 0, '2025-05-11 17:15:05', 'Acceso a Cliente / seleccionar_tipo_documento', '::1', 'Acceso Vista'),
(1, 0, '2025-05-11 17:15:05', 'Acceso a Cliente / listar', '::1', 'Acceso Vista'),
(1, 0, '2025-05-11 17:15:42', 'Inserto Cliente', '::1', 'guardar'),
(1, 0, '2025-05-11 17:15:42', 'Acceso a Cliente / guardar_editar', '::1', 'Acceso Vista'),
(1, 0, '2025-05-11 17:15:42', 'Acceso a Cliente / listar', '::1', 'Acceso Vista'),
(1, 0, '2025-05-11 17:15:48', 'Acceso a Eventos / mostrar', '::1', 'Acceso Vista'),
(1, 0, '2025-05-11 17:15:49', 'Acceso a Eventos / obtener_locales', '::1', 'Acceso Vista'),
(1, 0, '2025-05-11 17:15:49', 'Acceso a Eventos / obtener_categorias', '::1', 'Acceso Vista'),
(1, 0, '2025-05-11 17:15:49', 'Acceso a Eventos / obtener_clientes', '::1', 'Acceso Vista'),
(1, 0, '2025-05-11 17:15:49', 'Acceso a Eventos / obtener_artistas', '::1', 'Acceso Vista'),
(1, 0, '2025-05-11 17:15:49', 'Acceso a Eventos / listar', '::1', 'Acceso Vista'),
(1, 0, '2025-05-11 17:16:00', 'Acceso a Cliente / mostrar', '::1', 'Acceso Vista'),
(1, 0, '2025-05-11 17:16:00', 'Acceso a Cliente / seleccionar_tipo_documento', '::1', 'Acceso Vista'),
(1, 0, '2025-05-11 17:16:00', 'Acceso a Cliente / listar', '::1', 'Acceso Vista'),
(1, 0, '2025-05-11 17:16:03', 'Acceso a Admin / dashboard', '::1', 'Acceso Vista'),
(1, 0, '2025-05-11 17:16:07', 'Acceso a Cliente / mostrar', '::1', 'Acceso Vista'),
(1, 0, '2025-05-11 17:16:07', 'Acceso a Cliente / seleccionar_tipo_documento', '::1', 'Acceso Vista'),
(1, 0, '2025-05-11 17:16:07', 'Acceso a Cliente / listar', '::1', 'Acceso Vista'),
(1, 0, '2025-05-11 17:16:09', 'Acceso a Eventos / mostrar', '::1', 'Acceso Vista'),
(1, 0, '2025-05-11 17:16:09', 'Acceso a Eventos / obtener_locales', '::1', 'Acceso Vista'),
(1, 0, '2025-05-11 17:16:09', 'Acceso a Eventos / obtener_categorias', '::1', 'Acceso Vista'),
(1, 0, '2025-05-11 17:16:09', 'Acceso a Eventos / obtener_artistas', '::1', 'Acceso Vista'),
(1, 0, '2025-05-11 17:16:09', 'Acceso a Eventos / obtener_clientes', '::1', 'Acceso Vista'),
(1, 0, '2025-05-11 17:16:09', 'Acceso a Eventos / listar', '::1', 'Acceso Vista'),
(1, 0, '2025-05-11 17:18:37', 'Error en registrar Eventos con ID:', '::1', 'Guardar_Error'),
(1, 0, '2025-05-11 17:18:37', 'Acceso a Eventos / guardar_editar', '::1', 'Acceso Vista'),
(1, 0, '2025-05-11 17:19:52', 'Insertó Eventos con ID:', '::1', 'Guardar'),
(1, 0, '2025-05-11 17:19:52', 'Acceso a Eventos / guardar_editar', '::1', 'Acceso Vista'),
(1, 0, '2025-05-11 17:19:53', 'Acceso a Eventos / listar', '::1', 'Acceso Vista'),
(1, 0, '2025-05-11 17:20:03', 'Acceso a Eventos / mostrar', '::1', 'Acceso Vista'),
(1, 0, '2025-05-11 17:20:04', 'Acceso a Eventos / obtener_clientes', '::1', 'Acceso Vista'),
(1, 0, '2025-05-11 17:20:04', 'Acceso a Eventos / obtener_locales', '::1', 'Acceso Vista'),
(1, 0, '2025-05-11 17:20:04', 'Acceso a Eventos / obtener_categorias', '::1', 'Acceso Vista'),
(1, 0, '2025-05-11 17:20:04', 'Acceso a Eventos / obtener_artistas', '::1', 'Acceso Vista'),
(1, 0, '2025-05-11 17:20:04', 'Acceso a Eventos / listar', '::1', 'Acceso Vista'),
(1, 0, '2025-05-11 17:20:20', 'Acceso a Eventos / obtener', '::1', 'Acceso Vista'),
(1, 0, '2025-05-11 17:20:35', 'LogOut Usuario admin', '::1', 'Cierre de Sesion'),
(1, 0, '2025-05-11 17:20:54', 'Inicio Sesion admin', '::1', 'Inicio Sesion'),
(1, 0, '2025-05-11 17:20:54', 'Acceso a Admin / dashboard', '::1', 'Acceso Vista'),
(1, 0, '2025-05-11 17:20:59', 'Acceso a Rol / mostrar', '::1', 'Acceso Vista'),
(1, 0, '2025-05-11 17:20:59', 'Acceso a Rol / crear_arbol_navbar', '::1', 'Acceso Vista'),
(1, 0, '2025-05-11 17:20:59', 'Acceso a Rol / crear_arbol_navbar', '::1', 'Acceso Vista'),
(1, 0, '2025-05-11 17:20:59', 'Acceso a Rol / listar', '::1', 'Acceso Vista'),
(1, 0, '2025-05-11 17:22:59', 'Acceso a Cliente / mostrar', '::1', 'Acceso Vista'),
(1, 0, '2025-05-11 17:22:59', 'Acceso a Cliente / seleccionar_tipo_documento', '::1', 'Acceso Vista'),
(1, 0, '2025-05-11 17:22:59', 'Acceso a Cliente / listar', '::1', 'Acceso Vista'),
(1, 0, '2025-05-11 17:23:01', 'Acceso a Eventos / mostrar', '::1', 'Acceso Vista'),
(1, 0, '2025-05-11 17:23:01', 'Acceso a Eventos / obtener_locales', '::1', 'Acceso Vista'),
(1, 0, '2025-05-11 17:23:01', 'Acceso a Eventos / obtener_categorias', '::1', 'Acceso Vista'),
(1, 0, '2025-05-11 17:23:01', 'Acceso a Eventos / obtener_artistas', '::1', 'Acceso Vista'),
(1, 0, '2025-05-11 17:23:01', 'Acceso a Eventos / obtener_clientes', '::1', 'Acceso Vista'),
(1, 0, '2025-05-11 17:23:01', 'Acceso a Eventos / listar', '::1', 'Acceso Vista'),
(1, 0, '2025-05-11 17:23:14', 'Acceso a Rol / mostrar', '::1', 'Acceso Vista'),
(1, 0, '2025-05-11 17:23:14', 'Acceso a Rol / crear_arbol_navbar', '::1', 'Acceso Vista'),
(1, 0, '2025-05-11 17:23:14', 'Acceso a Rol / crear_arbol_navbar', '::1', 'Acceso Vista'),
(1, 0, '2025-05-11 17:23:14', 'Acceso a Rol / listar', '::1', 'Acceso Vista'),
(1, 0, '2025-05-11 17:24:00', 'Insertó Rol con ID:', '::1', 'ok'),
(1, 0, '2025-05-11 17:24:00', 'Acceso a Rol / guardar_editar', '::1', 'Acceso Vista'),
(1, 0, '2025-05-11 17:24:00', 'Acceso a Rol / listar', '::1', 'Acceso Vista'),
(1, 0, '2025-05-11 17:24:05', 'LogOut Usuario admin', '::1', 'Cierre de Sesion'),
(0, 0, '2025-05-11 17:28:42', 'Inicio de Sesión Fallido Usuario y Contraseña Incorrectas: ', '::1', 'Prohibido'),
(0, 0, '2025-05-11 17:28:46', 'Inicio de Sesión Fallido, error en Contraseña a Usuario: tedy', '::1', 'Prohibido'),
(1, 0, '2025-05-11 17:28:49', 'Inicio Sesion tedy', '::1', 'Inicio Sesion'),
(1, 0, '2025-05-11 17:28:49', 'Acceso a Admin / dashboard', '::1', 'Acceso Vista'),
(1, 0, '2025-05-11 17:28:49', 'Acceso a Tienda / home', '::1', 'Acceso Vista'),
(1, 0, '2025-05-11 17:28:49', 'Acceso a Tienda / mostrar_conciertos', '::1', 'Acceso Vista'),
(1, 0, '2025-05-11 17:28:55', 'Acceso a Tienda / editar_perfil', '::1', 'Acceso Vista'),
(1, 0, '2025-05-11 17:29:09', 'LogOut Usuario tedy', '::1', 'Cierre de Sesion'),
(1, 0, '2025-05-11 17:36:47', 'Inicio Sesion pezo', '::1', 'Inicio Sesion'),
(1, 0, '2025-05-11 17:36:47', 'Se Produjo Un Error en los Controladores del Sistema', '::1', 'Falla Sistema'),
(1, 0, '2025-05-11 17:36:54', 'Acceso a Admin / registrate', '::1', 'Acceso Vista'),
(1, 0, '2025-05-11 17:37:13', 'Acceso a Admin / login', '::1', 'Acceso Vista'),
(1, 0, '2025-05-11 17:37:21', 'Inicio Sesion pezo', '::1', 'Inicio Sesion'),
(1, 0, '2025-05-11 17:37:21', 'Acceso a Admin / loguearse', '::1', 'Acceso Vista'),
(1, 0, '2025-05-11 17:37:21', 'Acceso a Admin / dashboard', '::1', 'Acceso Vista'),
(1, 0, '2025-05-11 17:37:21', 'Se Produjo Un Error en los Controladores del Sistema', '::1', 'Falla Sistema'),
(1, 0, '2025-05-11 17:37:55', 'Se Produjo Un Error en los Controladores del Sistema', '::1', 'Falla Sistema'),
(1, 0, '2025-05-11 17:37:59', 'Acceso a Admin / dashboard', '::1', 'Acceso Vista'),
(1, 0, '2025-05-11 17:38:02', 'Acceso a Admin / dashboard', '::1', 'Acceso Vista'),
(1, 0, '2025-05-11 17:39:15', 'Acceso a Admin / dashboard', '::1', 'Acceso Vista'),
(1, 0, '2025-05-11 17:39:50', 'LogOut Usuario pezo', '::1', 'Cierre de Sesion'),
(1, 0, '2025-05-11 17:43:16', 'Inicio Sesion julio', '::1', 'Inicio Sesion'),
(1, 0, '2025-05-11 17:43:16', 'Se Produjo Un Error en los Controladores del Sistema', '::1', 'Falla Sistema'),
(1, 0, '2025-05-11 17:45:04', 'Acceso a Admin / registrate', '::1', 'Acceso Vista'),
(1, 0, '2025-05-11 17:45:29', 'Acceso a Admin / registrarse', '::1', 'Acceso Vista'),
(1, 0, '2025-05-11 17:45:29', 'Inicio Sesion a', '::1', 'Inicio Sesion'),
(1, 0, '2025-05-11 17:45:29', 'Acceso a Admin / loguearse', '::1', 'Acceso Vista'),
(1, 0, '2025-05-11 17:45:29', 'Se Produjo Un Error en los Controladores del Sistema', '::1', 'Falla Sistema'),
(1, 0, '2025-05-11 17:46:28', 'Acceso a Admin / registrate', '::1', 'Acceso Vista'),
(1, 0, '2025-05-11 17:46:28', 'Acceso a Admin / registrate', '::1', 'Acceso Vista'),
(1, 0, '2025-05-11 17:46:41', 'Acceso a Admin / registrarse', '::1', 'Acceso Vista'),
(1, 0, '2025-05-11 17:46:41', 'Inicio Sesion 33', '::1', 'Inicio Sesion'),
(1, 0, '2025-05-11 17:46:41', 'Acceso a Admin / loguearse', '::1', 'Acceso Vista'),
(1, 0, '2025-05-11 17:46:41', 'Acceso a Tienda / bienvenida', '::1', 'Acceso Vista'),
(1, 0, '2025-05-11 17:46:44', 'Acceso a Admin / dashboard', '::1', 'Acceso Vista'),
(1, 0, '2025-05-11 17:46:44', 'Acceso a Tienda / home', '::1', 'Acceso Vista'),
(1, 0, '2025-05-11 17:46:44', 'Acceso a Tienda / mostrar_conciertos', '::1', 'Acceso Vista'),
(1, 0, '2025-05-11 17:47:39', 'Acceso a Tienda / home', '::1', 'Acceso Vista'),
(1, 0, '2025-05-11 17:47:39', 'Acceso a Tienda / mostrar_conciertos', '::1', 'Acceso Vista'),
(1, 0, '2025-05-11 17:47:42', 'LogOut Usuario 33', '::1', 'Cierre de Sesion'),
(1, 0, '2025-05-11 17:48:23', 'Inicio Sesion pedro', '::1', 'Inicio Sesion'),
(1, 0, '2025-05-11 17:48:29', 'Acceso a Admin / login', '::1', 'Acceso Vista'),
(1, 0, '2025-05-11 17:48:40', 'Inicio Sesion pedro', '::1', 'Inicio Sesion'),
(1, 0, '2025-05-11 17:48:40', 'Acceso a Admin / loguearse', '::1', 'Acceso Vista'),
(1, 0, '2025-05-11 17:48:40', 'Acceso a Admin / dashboard', '::1', 'Acceso Vista');

-- --------------------------------------------------------

--
-- Estructura de tabla para la tabla `boleto`
--

CREATE TABLE `boleto` (
  `bol_id` int(11) NOT NULL,
  `det_ven_id` int(11) NOT NULL,
  `codigo_unico` varchar(100) NOT NULL,
  `bol_cant_personas` int(11) NOT NULL,
  `estado` tinyint(4) NOT NULL COMMENT '''valido'',''usado'',''anulado''',
  `creado_el` datetime DEFAULT current_timestamp()
) ENGINE=InnoDB DEFAULT CHARSET=utf8mb4 COLLATE=utf8mb4_spanish_ci;

--
-- Volcado de datos para la tabla `boleto`
--

INSERT INTO `boleto` (`bol_id`, `det_ven_id`, `codigo_unico`, `bol_cant_personas`, `estado`, `creado_el`) VALUES
(15, 17, 'BOL-20250430161536-BOL681292F84CC69-3E8D1', 1, 1, '2025-04-30 16:15:36'),
(16, 18, 'BOL-20250504144611-BOL6817C403D7EB1-C3B6E', 1, 1, '2025-05-04 14:46:11');

-- --------------------------------------------------------

--
-- Estructura de tabla para la tabla `categoria`
--

CREATE TABLE `categoria` (
  `cat_id` int(11) NOT NULL,
  `cat_nombre` varchar(50) NOT NULL,
  `cat_descripcion` varchar(250) NOT NULL,
  `cat_imagen` varchar(200) NOT NULL,
  `cat_estado` tinyint(4) NOT NULL
) ENGINE=InnoDB DEFAULT CHARSET=utf8mb4 COLLATE=utf8mb4_spanish_ci;

--
-- Volcado de datos para la tabla `categoria`
--

INSERT INTO `categoria` (`cat_id`, `cat_nombre`, `cat_descripcion`, `cat_imagen`, `cat_estado`) VALUES
(1, 'CONCIERTOS', '1', '', 1),
(2, 'DESPORTES', '1', '', 1),
(3, 'TEATRO', '1', '', 1),
(4, 'AVENTURA', '1', '178ddb19564f7f0284579c3212563f68.png', 1),
(5, 'ENTRETENIEMTO', '1', '', 1);

-- --------------------------------------------------------

--
-- Estructura de tabla para la tabla `cliente`
--

CREATE TABLE `cliente` (
  `cli_id` int(11) NOT NULL,
  `tip_ide_id` int(11) NOT NULL,
  `cli_nombre` varchar(250) NOT NULL,
  `cli_num_doc` varchar(11) NOT NULL COMMENT 'CAMPO UNICO',
  `cli_direccion` varchar(250) DEFAULT NULL,
  `cli_telefono` varchar(12) DEFAULT NULL,
  `cli_correo` varchar(150) DEFAULT NULL,
  `cli_estado` tinyint(4) NOT NULL
) ENGINE=InnoDB DEFAULT CHARSET=utf8mb4 COLLATE=utf8mb4_spanish_ci;

--
-- Volcado de datos para la tabla `cliente`
--

INSERT INTO `cliente` (`cli_id`, `tip_ide_id`, `cli_nombre`, `cli_num_doc`, `cli_direccion`, `cli_telefono`, `cli_correo`, `cli_estado`) VALUES
(1, 4, 'EXPLOSION', '78563409878', 'IOUOHKLLÑ', '9888676875', 'explosion@gmail.com', 1),
(2, 4, 'TST IQUITOS S.A.C', '20611546662', '-', '948584312', 'explosion@gmail.com', 1),
(3, 4, 'TEDYEVENTOS', '74637364736', '-', '948584312', 'explosion@gmail.com', 1);

-- --------------------------------------------------------

--
-- Estructura de tabla para la tabla `concierto`
--

CREATE TABLE `concierto` (
  `con_id` int(11) NOT NULL,
  `loc_id` int(11) NOT NULL,
  `cat_id` int(11) NOT NULL,
  `cli_id` int(11) NOT NULL,
  `con_nombre` varchar(150) NOT NULL,
  `con_subtitulo` varchar(100) NOT NULL,
  `con_imagen` varchar(150) NOT NULL,
  `con_portada` varchar(150) NOT NULL,
  `con_descripcion` varchar(500) NOT NULL,
  `con_fecha` date DEFAULT NULL,
  `con_hora` time DEFAULT NULL,
  `con_estado` tinyint(4) NOT NULL
) ENGINE=InnoDB DEFAULT CHARSET=utf8mb4 COLLATE=utf8mb4_spanish_ci;

--
-- Volcado de datos para la tabla `concierto`
--

INSERT INTO `concierto` (`con_id`, `loc_id`, `cat_id`, `cli_id`, `con_nombre`, `con_subtitulo`, `con_imagen`, `con_portada`, `con_descripcion`, `con_fecha`, `con_hora`, `con_estado`) VALUES
(1, 1, 1, 1, 'Festival Andino 2025', 'Música de los Andes para el mundo', '1.jpg', '1.jpg', 'Un evento con lo mejor de la música andina contemporánea.', '2025-06-15', '18:00:00', 0),
(2, 2, 1, 1, 'Cumbia Fest Lima', '¡Cumbia, ritmo y sabor!', '1.jpg', '1.jpg', 'Los mejores exponentes de la cumbia se presentan en El Remanso.', '2025-07-12', '20:00:00', 0),
(3, 3, 1, 1, 'San Juanazo 2025', 'Fiesta selvática con los mejores grupos', '1.jpg', '	\n1.jpg', 'Desde la selva para el mundo, con los artistas más calientes.', '2025-06-23', '19:30:00', 0),
(4, 4, 1, 1, 'Mega Salsa Live', '¡La salsa llega con todo a Lima!', '1.jpg', '1.jpg', 'Una noche de salsa con voces potentes.', '2025-08-01', '21:00:00', 0),
(5, 5, 1, 1, 'Iquitos Cumbia Total', 'Siente el sabor del oriente', '1.jpg', '1.jpg', 'Un evento para los amantes de la cumbia con sello local.', '2025-05-30', '20:00:00', 0),
(6, 6, 1, 1, 'Folklore en la UNAP', 'Música con alma', '1.jpg', '1.jpg', 'Presentaciones artísticas de alto nivel con músicos andinos.', '2025-07-10', '17:00:00', 0),
(7, 7, 1, 1, 'Festival del Amor 2025', 'Canta, baila y enamórate', '1.jpg', '1.jpg', 'Una noche romántica con voces icónicas.', '2025-09-14', '19:00:00', 0),
(8, 1, 1, 1, 'Noche de Antología', 'Concierto exclusivo de Antología', '1.jpg', '1.jpg', 'Disfruta lo mejor del grupo Antología en Lima.', '2025-07-22', '20:00:00', 0),
(9, 2, 1, 1, 'Amaranta en Concierto', 'Lo mejor de la música andina', '1.jpg', '1.jpg', 'Presentación especial de Amaranta con invitados.', '2025-06-29', '19:00:00', 0),
(10, 3, 1, 1, 'Festival San Juan', 'Con el alma del oriente', '1.jpg', '1.jpg', 'Concierto tradicional de San Juan en Iquitos.', '2025-06-24', '20:00:00', 0),
(11, 4, 1, 1, 'Cumbia Sin Fronteras', 'Cumbia nacional e internacional', '1.jpg', '1.jpg', 'Invitados nacionales e internacionales, todos en un mismo escenario.', '2025-07-19', '21:00:00', 0),
(12, 5, 1, 1, 'Tony Rosado Show', '¡El ruiseñor del amor en vivo!', '1.jpg', '1.jpg', 'Presentación estelar de Tony Rosado y banda.', '2025-08-05', '22:00:00', 0),
(13, 6, 1, 1, 'Show Andino UNAP', 'Jóvenes talentos andinos', '1.jpg', '1.jpg', 'Evento cultural universitario con destacados artistas folklóricos.', '2025-07-05', '16:30:00', 0),
(14, 7, 1, 1, 'Corazón Serrano en Iquitos', '¡Cumbia con corazón!', '1.jpg', '1.jpg', 'Uno de los conciertos más esperados del año.', '2025-08-25', '20:30:00', 0),
(15, 1, 1, 1, 'Deyvis en Lima', 'Encendiendo la noche', '1.jpg', '1.jpg', 'Deyvis Orosco en un show imperdible en El Huaralino.', '2025-09-10', '22:00:00', 0),
(16, 2, 1, 1, 'Festival Tropical', 'Los clásicos de siempre', '1.jpg', '1.jpg', 'Un show con clásicos inolvidables de la cumbia tropical.', '2025-06-28', '21:00:00', 0),
(17, 3, 1, 1, 'Amazonía Musical', 'Voces del oriente', '1.jpg', '1.jpg', 'Una noche con lo mejor de la selva peruana.', '2025-07-03', '19:30:00', 0),
(18, 4, 1, 1, 'Latin Music Fest', 'Vibras latinas', '1.jpg', '1.jpg', 'Fusión de géneros latinos para todos los gustos.', '2025-08-18', '20:00:00', 0),
(19, 5, 1, 1, 'Cumbia Explosiva', 'Baila hasta el amanecer', '1.jpg', '1.jpg', 'Artistas invitados y sorpresas especiales.', '2025-09-02', '21:00:00', 0),
(20, 6, 1, 1, 'Encuentro de Voces Andinas', 'Uniendo generaciones', '1.jpg', '1.jpg', 'Evento cultural y musical con artistas consagrados y emergentes.', '2025-07-20', '18:00:00', 0),
(36, 1, 1, 1, 'EL REVENTONAZO DE LA CHAMPIONS', 'VIVE LA EMOCION DE LA MEJOR MUSICA EN VIVO EN EL MEJOR EVENTO', 'c918486354c42d27aaa911f001301de1.jpg', 'c35524ae6f07bb1cb03853a194a41dda.jpg', '--------------- CELEBRA CON NOSOTROS------------------------------', '2026-01-30', '20:44:00', 0),
(37, 1, 1, 1, 'SUPERDEPORTIVO ESPECIAL MYFRENT', 'EVENTO ESPECTACULAR', 'c476bf6695e7c7f9ed0b889a3072508c.jpg', 'c5687cef0c12208bbbcce23672c693bf.jpg', 'NO TE LO PIERDAS POR QUE SI', '2025-06-08', '18:00:00', 0),
(38, 7, 1, 3, 'IQUITOS CUMBIA TOTAL', 'SIENTE EL SABOR DEL ORIENTE', '003d30c68483be998b88281c082cb10f.jpeg', '31c978e893ffb7eb85caa6a6d48038f8.jpeg', 'TEDGFGJK', '2025-05-11', '20:30:00', 0);

-- --------------------------------------------------------

--
-- Estructura de tabla para la tabla `detalle_permisos_rol`
--

CREATE TABLE `detalle_permisos_rol` (
  `det_per_id` int(11) NOT NULL,
  `rol_id` int(11) NOT NULL,
  `per_id` int(11) NOT NULL
) ENGINE=InnoDB DEFAULT CHARSET=utf8 COLLATE=utf8_spanish_ci;

--
-- Volcado de datos para la tabla `detalle_permisos_rol`
--

INSERT INTO `detalle_permisos_rol` (`det_per_id`, `rol_id`, `per_id`) VALUES
(1, 1, 1),
(2, 1, 2),
(3, 1, 3),
(4, 1, 4),
(5, 1, 5),
(6, 1, 6),
(9, 2, 1),
(10, 2, 3),
(11, 2, 2),
(15, 1, 10),
(16, 1, 11),
(17, 1, 12),
(18, 1, 13),
(19, 1, 14),
(22, 1, 15),
(23, 2, 16),
(24, 1, 17),
(25, 4, 2),
(26, 4, 3);

-- --------------------------------------------------------

--
-- Estructura de tabla para la tabla `detalle_venta`
--

CREATE TABLE `detalle_venta` (
  `det_ven_id` int(11) NOT NULL,
  `ven_id` int(11) NOT NULL,
  `zon_id` int(11) NOT NULL,
  `con_id` int(11) NOT NULL,
  `cantidad` int(11) NOT NULL,
  `precio_unitario` decimal(10,2) NOT NULL,
  `total` decimal(10,2) NOT NULL
) ENGINE=InnoDB DEFAULT CHARSET=utf8mb4 COLLATE=utf8mb4_spanish_ci;

--
-- Volcado de datos para la tabla `detalle_venta`
--

INSERT INTO `detalle_venta` (`det_ven_id`, `ven_id`, `zon_id`, `con_id`, `cantidad`, `precio_unitario`, `total`) VALUES
(17, 22, 12, 5, 1, '40.00', '40.00'),
(18, 23, 11, 5, 1, '100.00', '100.00');

-- --------------------------------------------------------

--
-- Estructura de tabla para la tabla `local`
--

CREATE TABLE `local` (
  `loc_id` int(11) NOT NULL,
  `loc_nombre` varchar(150) NOT NULL,
  `loc_direccion` varchar(250) NOT NULL,
  `loc_imagen_logo` varchar(200) NOT NULL,
  `loc_ciudad` varchar(100) NOT NULL,
  `loc_escenario_img` varchar(200) NOT NULL,
  `loc_estado` tinyint(4) NOT NULL
) ENGINE=InnoDB DEFAULT CHARSET=utf8mb4 COLLATE=utf8mb4_spanish_ci;

--
-- Volcado de datos para la tabla `local`
--

INSERT INTO `local` (`loc_id`, `loc_nombre`, `loc_direccion`, `loc_imagen_logo`, `loc_ciudad`, `loc_escenario_img`, `loc_estado`) VALUES
(1, 'El Huaralino Internacional', 'Ovalo El Naranjal - Panamericana Norte 39', '4.jpg', 'Lima', '1.png', 1),
(2, '  El Remanso', 'La Molina', '5.jpeg', 'lima', '3.png', 1),
(3, 'Estadio Max Augustín', 'calvo/alzamora', '6.jpeg', 'Iquitos', '2.png', 1),
(4, 'Estadio Nacional del Perú', 'Vía Expresa Paseo de la República', '7.jpeg', 'Lima', '4.png', 1),
(5, 'MR. Pardo', 'caceres/alzamora', '8.jpeg', 'iquitos', '6.png', 1),
(6, 'Aula Magna UNAP', 'quinta cuadra de la calle Pevas', '9.jpeg', 'Iquitos', '9.png', 1),
(7, 'Complejo CNI', 'caceres/alzamora', '10.jpeg', 'Iquitos', '8.png', 1),
(12, 'CENTRO DE CONVENSIONES LA CHAMPIONS', 'AV 28 DE JULIO', 'd211756bbe8589b1984ff1469567a0f7.jpg', 'IQUITOS', '4a74c445b75ce309e9030456df8674a1.png', 1);

-- --------------------------------------------------------

--
-- Estructura de tabla para la tabla `modulos`
--

CREATE TABLE `modulos` (
  `mod_id` int(11) NOT NULL,
  `mod_nombre` varchar(50) NOT NULL,
  `mod_icono` varchar(50) NOT NULL,
  `mod_multiple` tinyint(1) NOT NULL COMMENT 'si tiene o no opciones',
  `mod_orden` int(11) NOT NULL,
  `mod_estado` tinyint(4) NOT NULL
) ENGINE=InnoDB DEFAULT CHARSET=utf8 COLLATE=utf8_spanish_ci;

--
-- Volcado de datos para la tabla `modulos`
--

INSERT INTO `modulos` (`mod_id`, `mod_nombre`, `mod_icono`, `mod_multiple`, `mod_orden`, `mod_estado`) VALUES
(1, 'Error', '', 0, 0, 0),
(2, 'Sunat', '', 0, 0, 0),
(3, 'Escritorio', 'fas fa-tachometer-alt', 0, 1, 1),
(4, 'Configuraciones', 'fas fa-cogs', 1, 9, 1),
(5, 'Acceso', 'fas fa-lock', 1, 10, 1),
(6, 'Categorias', 'fa fa-tags', 0, 6, 1),
(7, 'Locales', 'fas fa-thumbtack', 0, 5, 1),
(8, 'Orquestas - Artistas', 'fas fa-microphone', 0, 4, 1),
(9, 'Ecommerce', 'fas fa-shopping-cart', 1, 7, 1),
(10, 'Eventos y/o Conciertos', 'fas fa-ticket', 0, 3, 1),
(11, 'Reporte', 'fas fa-chart-bar', 1, 8, 1),
(12, 'Organizadores', 'fas fa-user-friends', 0, 2, 1);

-- --------------------------------------------------------

--
-- Estructura de tabla para la tabla `opciones`
--

CREATE TABLE `opciones` (
  `opc_id` int(11) NOT NULL,
  `mod_id` int(11) NOT NULL,
  `opc_nombre` varchar(100) NOT NULL,
  `opc_nombre_abrev` varchar(60) NOT NULL,
  `opc_funcion` varchar(50) NOT NULL,
  `opc_orden` int(11) NOT NULL,
  `opc_estado` tinyint(4) NOT NULL
) ENGINE=InnoDB DEFAULT CHARSET=utf8 COLLATE=utf8_spanish_ci;

--
-- Volcado de datos para la tabla `opciones`
--

INSERT INTO `opciones` (`opc_id`, `mod_id`, `opc_nombre`, `opc_nombre_abrev`, `opc_funcion`, `opc_orden`, `opc_estado`) VALUES
(1, 1, 'Error', '', '', 0, 1),
(2, 2, 'Sunat', '', '', 0, 1),
(3, 3, 'DASHBOARD', 'DASHBOARD', 'dashboard', 0, 1),
(4, 4, 'Gestionar Modulos y Opciones', 'Gestionar Modulos y Opciones', 'mostrar', 1, 1),
(5, 5, 'Gestionar Roles', 'Gestionar Roles', 'mostrar', 1, 1),
(6, 5, 'Gestionar Usuarios', 'Gestionar Usuarios', 'mostrar', 1, 1),
(8, 6, 'Gestionar Categorias', 'Gestionar Categorias', 'mostrar', 1, 1),
(9, 7, 'Locales', 'Locales', 'mostrar', 1, 1),
(10, 8, 'Orquestas - Artistas', 'Orquestas - Artistas', 'mostrar', 1, 1),
(11, 9, 'Banners', 'Banners', 'mostrar', 1, 1),
(12, 10, 'Eventos y/o Conciertos', 'Evetos y/o Conciertos', 'mostrar', 1, 1),
(13, 11, 'Reporte de Ventas', 'Reporte de Ventas', 'mostrar', 1, 1),
(14, 9, 'My Ecommerce', 'My Ecommerce', 'home', 2, 0),
(15, 12, 'Organizadores', 'Organizadores', 'mostrar', 1, 1);

-- --------------------------------------------------------

--
-- Estructura de tabla para la tabla `permisos`
--

CREATE TABLE `permisos` (
  `per_id` int(11) NOT NULL,
  `opc_id` int(11) NOT NULL,
  `per_controlador` varchar(150) NOT NULL,
  `per_estado` tinyint(4) NOT NULL
) ENGINE=InnoDB DEFAULT CHARSET=utf8 COLLATE=utf8_spanish_ci;

--
-- Volcado de datos para la tabla `permisos`
--

INSERT INTO `permisos` (`per_id`, `opc_id`, `per_controlador`, `per_estado`) VALUES
(1, 1, 'Error', 1),
(2, 2, 'Sunat', 1),
(3, 3, 'Admin', 1),
(4, 4, 'Modulos', 1),
(5, 5, 'Rol', 1),
(6, 6, 'Usuario', 1),
(10, 8, 'Categoria', 1),
(11, 9, 'Locales', 1),
(12, 10, 'Artistas', 1),
(13, 11, 'Banners', 1),
(14, 12, 'Eventos', 1),
(15, 13, 'ReporteVenta', 1),
(16, 14, 'Tienda', 1),
(17, 15, 'Cliente', 1);

-- --------------------------------------------------------

--
-- Estructura de tabla para la tabla `rol`
--

CREATE TABLE `rol` (
  `rol_id` int(11) NOT NULL,
  `rol_nombre` varchar(25) NOT NULL,
  `rol_descripcion` varchar(150) DEFAULT NULL,
  `rol_estado` tinyint(4) NOT NULL
) ENGINE=InnoDB DEFAULT CHARSET=utf8 COLLATE=utf8_spanish_ci;

--
-- Volcado de datos para la tabla `rol`
--

INSERT INTO `rol` (`rol_id`, `rol_nombre`, `rol_descripcion`, `rol_estado`) VALUES
(1, 'SUPER ADMIN', 'TIENE ACCESO TOTAL AL SISTEMA\n\n', 1),
(2, 'MODO ECOMMERCE', NULL, 1),
(4, 'MODO ORGANIZADOR', '', 1);

-- --------------------------------------------------------

--
-- Estructura de tabla para la tabla `tipo_identificacion_documento`
--

CREATE TABLE `tipo_identificacion_documento` (
  `tip_ide_id` int(11) NOT NULL,
  `tip_ide_cod` char(5) NOT NULL,
  `tip_ide_nombre` varchar(250) NOT NULL,
  `tip_ide_abrev` varchar(50) NOT NULL,
  `tip_ide_estado` tinyint(4) NOT NULL
) ENGINE=InnoDB DEFAULT CHARSET=utf8mb4 COLLATE=utf8mb4_spanish_ci;

--
-- Volcado de datos para la tabla `tipo_identificacion_documento`
--

INSERT INTO `tipo_identificacion_documento` (`tip_ide_id`, `tip_ide_cod`, `tip_ide_nombre`, `tip_ide_abrev`, `tip_ide_estado`) VALUES
(1, '0', 'DOC.TRIB.NO.DOM.SIN.RUC', 'OTROS DOC.', 1),
(2, '1', 'DOCUMENTO NACIONAL DE IDENTIDAD', 'DNI', 1),
(3, '4', 'CARNET DE EXTRANJERIA', 'CARNET EXT.', 1),
(4, '6', 'REGISTRO ÚNICO DE CONTRIBUYENTES', 'RUC', 1),
(5, '7', 'PASAPORTE', 'PASAPORTE', 0),
(6, '11', 'PART. DE NACIMIENTO-IDENTIDAD', 'P. NAC.', 0),
(7, 'A', 'DIPLOMATICA DE IDENTIDAD CED.', 'CED. DIPLOMATICA', 0),
(8, 'B', 'DOCUMENTO IDENTIFICACION PAIS RESIDENCIA-NO.D', 'DOC.IDENT.PAIS.RESIDENCIA-NO.D', 0);

-- --------------------------------------------------------

--
-- Estructura de tabla para la tabla `usuario`
--

CREATE TABLE `usuario` (
  `usu_id` int(11) NOT NULL,
  `rol_id` int(11) NOT NULL,
  `usu_nombre_completo` varchar(5000) NOT NULL,
  `usu_tipo_doc` varchar(20) NOT NULL,
  `usu_numero_doc` varchar(8) NOT NULL,
  `usu_direccion` varchar(5000) NOT NULL,
  `usu_telefono` varchar(9) NOT NULL,
  `usu_correo` varchar(500) NOT NULL,
  `usu_login` varchar(250) NOT NULL,
  `usu_clave` varchar(250) NOT NULL,
  `usu_fecha_creacion` datetime NOT NULL,
  `usu_ultimo_login` datetime NOT NULL,
  `usu_imagen` varchar(50) NOT NULL,
  `usu_estado` tinyint(4) NOT NULL
) ENGINE=InnoDB DEFAULT CHARSET=utf8 COLLATE=utf8_spanish_ci;

--
-- Volcado de datos para la tabla `usuario`
--

INSERT INTO `usuario` (`usu_id`, `rol_id`, `usu_nombre_completo`, `usu_tipo_doc`, `usu_numero_doc`, `usu_direccion`, `usu_telefono`, `usu_correo`, `usu_login`, `usu_clave`, `usu_fecha_creacion`, `usu_ultimo_login`, `usu_imagen`, `usu_estado`) VALUES
(1, 1, 'ANGEL ANDRES DEL AGUILA MOLANO', 'DNI', '71960850', 'CALLE ALEMANIA MZ A LT 25', '964372665', 'usuarioproacces@gmail.com', 'admin', '$2y$10$nQ1rZdzRcUrmvo2/9dDDhedgdAoBUjwiQ7EmrpuAOdOxYD4htbRZe', '0000-00-00 00:00:00', '2025-05-11 17:20:54', '', 1),
(37, 2, 'tedy pezo', 'DNI', '12345678', 'Calle por ahi 123', '964372665', 'tedy@gmail.com', 'tedy', '$2y$10$Qlo0FC4CcsDrP1LtkdZsy.MSAmMhf3C.qIi6VG8NSNox6YcXKb0Ty', '2025-04-29 13:51:37', '2025-05-11 17:28:49', '', 1),
(47, 4, '', '', '', '', '', 'pedro@gmail.com', 'pedro', '$2y$10$UxGQ8G0ckl624.05sT3BUeByAKsDapx5KeyFaHDj0w02dNau8QZ8W', '2025-05-11 17:48:23', '2025-05-11 17:48:40', '', 1);

-- --------------------------------------------------------

--
-- Estructura de tabla para la tabla `venta`
--

CREATE TABLE `venta` (
  `ven_id` int(11) NOT NULL,
  `usu_id` int(11) DEFAULT NULL,
  `tipo_pago` varchar(150) NOT NULL,
  `ven_fecha` datetime NOT NULL,
  `ven_total` decimal(10,2) NOT NULL,
  `ven_estado` tinyint(4) NOT NULL
) ENGINE=InnoDB DEFAULT CHARSET=utf8mb4 COLLATE=utf8mb4_spanish_ci;

--
-- Volcado de datos para la tabla `venta`
--

INSERT INTO `venta` (`ven_id`, `usu_id`, `tipo_pago`, `ven_fecha`, `ven_total`, `ven_estado`) VALUES
(21, 1, 'CONTADO', '2025-04-29 18:18:19', '100.00', 1),
(22, 37, 'YAPE', '2025-04-30 16:15:36', '40.00', 1),
(23, 37, 'YAPE', '2025-05-04 14:46:11', '100.00', 1);

-- --------------------------------------------------------

--
-- Estructura de tabla para la tabla `zona_concierto`
--

CREATE TABLE `zona_concierto` (
  `zon_id` int(11) NOT NULL,
  `con_id` int(11) DEFAULT NULL,
  `zon_nombre` varchar(100) DEFAULT NULL,
  `zon_precio` decimal(10,2) DEFAULT NULL,
  `zon_detalle` varchar(255) DEFAULT NULL,
  `zon_stock` int(11) DEFAULT NULL,
  `zon_estado` tinyint(4) DEFAULT NULL
) ENGINE=InnoDB DEFAULT CHARSET=utf8mb4 COLLATE=utf8mb4_spanish_ci;

--
-- Volcado de datos para la tabla `zona_concierto`
--

INSERT INTO `zona_concierto` (`zon_id`, `con_id`, `zon_nombre`, `zon_precio`, `zon_detalle`, `zon_stock`, `zon_estado`) VALUES
(1, 1, 'GENERAL', '150.00', 'Zona frente al escenario con asientos numerados', 200, 1),
(5, 2, 'General', '60.00', 'Zona de pie', 600, 1),
(6, 3, 'VIP', '120.00', 'Asientos numerados cerca del escenario', 180, 1),
(7, 3, 'General', '50.00', 'Zona general', 450, 1),
(8, 4, 'Platinum', '180.00', 'Experiencia premium', 100, 1),
(9, 4, 'VIP', '140.00', 'Buena ubicación y comodidad', 200, 1),
(10, 4, 'General', '70.00', 'Zona popular', 500, 1),
(11, 5, 'VIP', '100.00', 'Asientos preferentes', 150, 1),
(12, 5, 'General', '40.00', 'Zona de pie', 400, 1),
(13, 6, 'Frontal', '90.00', 'Frente al escenario', 120, 1),
(14, 6, 'Lateral', '60.00', 'Costados del auditorio', 200, 1),
(15, 7, 'VIP', '110.00', 'Zona para parejas', 130, 1),
(16, 7, 'General', '55.00', 'Zona abierta', 300, 1),
(18, 8, 'General', '70.00', 'Acceso general', 350, 1),
(21, 9, 'General', '65.00', 'Zona de pie', 400, 1),
(22, 10, 'VIP', '100.00', 'Zona techada', 150, 1),
(23, 10, 'General', '45.00', 'Zona abierta', 500, 1),
(24, 11, 'Palco', '200.00', 'Palco exclusivo', 60, 1),
(25, 11, 'VIP', '150.00', 'Asientos reservados', 120, 1),
(26, 11, 'General', '85.00', 'Zona libre', 400, 1),
(27, 12, 'Tony VIP', '140.00', 'Incluye meet & greet', 80, 1),
(29, 12, 'General', '55.00', 'Zona libre', 350, 1),
(30, 13, 'VIP', '105.00', 'Zona frente al escenario', 100, 1),
(31, 13, 'General', '50.00', 'Zona libre', 250, 1),
(32, 14, 'VIP', '130.00', 'Zona exclusiva', 150, 1),
(33, 14, 'General', '60.00', 'Acceso libre', 300, 1),
(34, 15, 'VIP', '145.00', 'Zona cerca al artista', 120, 1),
(35, 15, 'General', '65.00', 'Zona popular', 400, 1),
(37, 16, 'General', '55.00', 'Zona libre', 300, 1),
(38, 17, 'Selva VIP', '110.00', 'Con barra incluida', 90, 1),
(39, 17, 'Selva General', '45.00', 'Zona tradicional', 350, 1),
(40, 18, 'Gold', '150.00', 'Zona de lujo', 100, 1),
(41, 18, 'Silver', '90.00', 'Zona preferencial', 200, 1),
(42, 18, 'General', '60.00', 'Zona común', 400, 1),
(43, 19, 'Explosiva', '120.00', 'Zona alta energía', 150, 1),
(44, 19, 'General', '50.00', 'Zona sin numerar', 500, 1),
(45, 20, 'Andes VIP', '140.00', 'Zona exclusiva', 100, 1),
(46, 20, 'Platinum', '210.00', 'Zona extra excluive', 250, 1),
(47, 20, 'General', '45.00', 'Zona popular', 300, 1),
(48, 3, 'PLATINUM', '200.00', 'Zona Maxima', 100, 1),
(49, 10, 'PLATINUM', '200.00', 'Zona Maxima', 100, 1),
(50, 17, 'PLATINUM', '200.00', 'Zona Maxima', 100, 1),
(51, 13, 'PLATINUM', '200.00', 'Zona Maxima', 100, 1),
(52, 6, 'PLATINUM', '200.00', 'Zona Maxima', 100, 1),
(53, 36, 'GENERAL', '60.00', 'INCLUYE GASEOSA', 100, 1),
(56, 37, 'GENERAL', '60.00', 'INCLUYE GASEOSA', 100, 1),
(57, 38, 'GENERAL', '60.00', 'INCLUYE GASEOSA', 100, 1),
(58, 38, 'VIP', '70.00', 'UNA SOLA PERSONA', 50, 1);

--
-- Índices para tablas volcadas
--

--
-- Indices de la tabla `artista`
--
ALTER TABLE `artista`
  ADD PRIMARY KEY (`art_id`);

--
-- Indices de la tabla `artista_concierto`
--
ALTER TABLE `artista_concierto`
  ADD PRIMARY KEY (`art_con_id`),
  ADD KEY `art_id` (`art_id`),
  ADD KEY `com_id` (`con_id`);

--
-- Indices de la tabla `banners_ecommerce`
--
ALTER TABLE `banners_ecommerce`
  ADD PRIMARY KEY (`ban_id`);

--
-- Indices de la tabla `boleto`
--
ALTER TABLE `boleto`
  ADD PRIMARY KEY (`bol_id`),
  ADD UNIQUE KEY `codigo_unico` (`codigo_unico`),
  ADD KEY `det_ven_id` (`det_ven_id`);

--
-- Indices de la tabla `categoria`
--
ALTER TABLE `categoria`
  ADD PRIMARY KEY (`cat_id`);

--
-- Indices de la tabla `cliente`
--
ALTER TABLE `cliente`
  ADD PRIMARY KEY (`cli_id`),
  ADD UNIQUE KEY `cli_num_doc` (`cli_num_doc`),
  ADD KEY `tip_ide_id` (`tip_ide_id`);

--
-- Indices de la tabla `concierto`
--
ALTER TABLE `concierto`
  ADD PRIMARY KEY (`con_id`),
  ADD KEY `loc_id` (`loc_id`),
  ADD KEY `cat_id` (`cat_id`),
  ADD KEY `cli_id` (`cli_id`);

--
-- Indices de la tabla `detalle_permisos_rol`
--
ALTER TABLE `detalle_permisos_rol`
  ADD PRIMARY KEY (`det_per_id`),
  ADD KEY `rol_id` (`rol_id`),
  ADD KEY `per_id` (`per_id`);

--
-- Indices de la tabla `detalle_venta`
--
ALTER TABLE `detalle_venta`
  ADD PRIMARY KEY (`det_ven_id`),
  ADD KEY `ven_id` (`ven_id`),
  ADD KEY `zon_id` (`zon_id`),
  ADD KEY `con_id` (`con_id`);

--
-- Indices de la tabla `local`
--
ALTER TABLE `local`
  ADD PRIMARY KEY (`loc_id`);

--
-- Indices de la tabla `modulos`
--
ALTER TABLE `modulos`
  ADD PRIMARY KEY (`mod_id`);

--
-- Indices de la tabla `opciones`
--
ALTER TABLE `opciones`
  ADD PRIMARY KEY (`opc_id`),
  ADD KEY `mod_id` (`mod_id`);

--
-- Indices de la tabla `permisos`
--
ALTER TABLE `permisos`
  ADD PRIMARY KEY (`per_id`),
  ADD KEY `opc_id` (`opc_id`);

--
-- Indices de la tabla `rol`
--
ALTER TABLE `rol`
  ADD PRIMARY KEY (`rol_id`);

--
-- Indices de la tabla `tipo_identificacion_documento`
--
ALTER TABLE `tipo_identificacion_documento`
  ADD PRIMARY KEY (`tip_ide_id`);

--
-- Indices de la tabla `usuario`
--
ALTER TABLE `usuario`
  ADD PRIMARY KEY (`usu_id`),
  ADD UNIQUE KEY `usu_login` (`usu_login`),
  ADD KEY `rol_id` (`rol_id`);

--
-- Indices de la tabla `venta`
--
ALTER TABLE `venta`
  ADD PRIMARY KEY (`ven_id`),
  ADD KEY `usu_id` (`usu_id`);

--
-- Indices de la tabla `zona_concierto`
--
ALTER TABLE `zona_concierto`
  ADD PRIMARY KEY (`zon_id`),
  ADD KEY `con_id` (`con_id`);

--
-- AUTO_INCREMENT de las tablas volcadas
--

--
-- AUTO_INCREMENT de la tabla `artista`
--
ALTER TABLE `artista`
  MODIFY `art_id` int(11) NOT NULL AUTO_INCREMENT, AUTO_INCREMENT=21;

--
-- AUTO_INCREMENT de la tabla `artista_concierto`
--
ALTER TABLE `artista_concierto`
  MODIFY `art_con_id` int(11) NOT NULL AUTO_INCREMENT, AUTO_INCREMENT=51;

--
-- AUTO_INCREMENT de la tabla `banners_ecommerce`
--
ALTER TABLE `banners_ecommerce`
  MODIFY `ban_id` int(11) NOT NULL AUTO_INCREMENT, AUTO_INCREMENT=10;

--
-- AUTO_INCREMENT de la tabla `boleto`
--
ALTER TABLE `boleto`
  MODIFY `bol_id` int(11) NOT NULL AUTO_INCREMENT, AUTO_INCREMENT=17;

--
-- AUTO_INCREMENT de la tabla `categoria`
--
ALTER TABLE `categoria`
  MODIFY `cat_id` int(11) NOT NULL AUTO_INCREMENT, AUTO_INCREMENT=6;

--
-- AUTO_INCREMENT de la tabla `cliente`
--
ALTER TABLE `cliente`
  MODIFY `cli_id` int(11) NOT NULL AUTO_INCREMENT, AUTO_INCREMENT=4;

--
-- AUTO_INCREMENT de la tabla `concierto`
--
ALTER TABLE `concierto`
  MODIFY `con_id` int(11) NOT NULL AUTO_INCREMENT, AUTO_INCREMENT=39;

--
-- AUTO_INCREMENT de la tabla `detalle_permisos_rol`
--
ALTER TABLE `detalle_permisos_rol`
  MODIFY `det_per_id` int(11) NOT NULL AUTO_INCREMENT, AUTO_INCREMENT=27;

--
-- AUTO_INCREMENT de la tabla `detalle_venta`
--
ALTER TABLE `detalle_venta`
  MODIFY `det_ven_id` int(11) NOT NULL AUTO_INCREMENT, AUTO_INCREMENT=19;

--
-- AUTO_INCREMENT de la tabla `local`
--
ALTER TABLE `local`
  MODIFY `loc_id` int(11) NOT NULL AUTO_INCREMENT, AUTO_INCREMENT=13;

--
-- AUTO_INCREMENT de la tabla `modulos`
--
ALTER TABLE `modulos`
  MODIFY `mod_id` int(11) NOT NULL AUTO_INCREMENT, AUTO_INCREMENT=13;

--
-- AUTO_INCREMENT de la tabla `opciones`
--
ALTER TABLE `opciones`
  MODIFY `opc_id` int(11) NOT NULL AUTO_INCREMENT, AUTO_INCREMENT=16;

--
-- AUTO_INCREMENT de la tabla `permisos`
--
ALTER TABLE `permisos`
  MODIFY `per_id` int(11) NOT NULL AUTO_INCREMENT, AUTO_INCREMENT=18;

--
-- AUTO_INCREMENT de la tabla `rol`
--
ALTER TABLE `rol`
  MODIFY `rol_id` int(11) NOT NULL AUTO_INCREMENT, AUTO_INCREMENT=5;

--
-- AUTO_INCREMENT de la tabla `tipo_identificacion_documento`
--
ALTER TABLE `tipo_identificacion_documento`
  MODIFY `tip_ide_id` int(11) NOT NULL AUTO_INCREMENT, AUTO_INCREMENT=9;

--
-- AUTO_INCREMENT de la tabla `usuario`
--
ALTER TABLE `usuario`
  MODIFY `usu_id` int(11) NOT NULL AUTO_INCREMENT, AUTO_INCREMENT=48;

--
-- AUTO_INCREMENT de la tabla `venta`
--
ALTER TABLE `venta`
  MODIFY `ven_id` int(11) NOT NULL AUTO_INCREMENT, AUTO_INCREMENT=24;

--
-- AUTO_INCREMENT de la tabla `zona_concierto`
--
ALTER TABLE `zona_concierto`
  MODIFY `zon_id` int(11) NOT NULL AUTO_INCREMENT, AUTO_INCREMENT=59;

--
-- Restricciones para tablas volcadas
--

--
-- Filtros para la tabla `artista_concierto`
--
ALTER TABLE `artista_concierto`
  ADD CONSTRAINT `artista_concierto_ibfk_1` FOREIGN KEY (`art_id`) REFERENCES `artista` (`art_id`),
  ADD CONSTRAINT `artista_concierto_ibfk_4` FOREIGN KEY (`con_id`) REFERENCES `concierto` (`con_id`);

--
-- Filtros para la tabla `boleto`
--
ALTER TABLE `boleto`
  ADD CONSTRAINT `boleto_ibfk_1` FOREIGN KEY (`det_ven_id`) REFERENCES `detalle_venta` (`det_ven_id`);

--
-- Filtros para la tabla `cliente`
--
ALTER TABLE `cliente`
  ADD CONSTRAINT `cliente_ibfk_1` FOREIGN KEY (`tip_ide_id`) REFERENCES `tipo_identificacion_documento` (`tip_ide_id`);

--
-- Filtros para la tabla `concierto`
--
ALTER TABLE `concierto`
  ADD CONSTRAINT `concierto_ibfk_1` FOREIGN KEY (`loc_id`) REFERENCES `local` (`loc_id`),
  ADD CONSTRAINT `concierto_ibfk_2` FOREIGN KEY (`cat_id`) REFERENCES `categoria` (`cat_id`),
  ADD CONSTRAINT `concierto_ibfk_3` FOREIGN KEY (`cli_id`) REFERENCES `cliente` (`cli_id`);

--
-- Filtros para la tabla `detalle_permisos_rol`
--
ALTER TABLE `detalle_permisos_rol`
  ADD CONSTRAINT `detalle_permisos_rol_ibfk_1` FOREIGN KEY (`rol_id`) REFERENCES `rol` (`rol_id`),
  ADD CONSTRAINT `detalle_permisos_rol_ibfk_2` FOREIGN KEY (`per_id`) REFERENCES `permisos` (`per_id`);

--
-- Filtros para la tabla `detalle_venta`
--
ALTER TABLE `detalle_venta`
  ADD CONSTRAINT `detalle_venta_ibfk_1` FOREIGN KEY (`ven_id`) REFERENCES `venta` (`ven_id`),
  ADD CONSTRAINT `detalle_venta_ibfk_2` FOREIGN KEY (`zon_id`) REFERENCES `zona_concierto` (`zon_id`),
  ADD CONSTRAINT `detalle_venta_ibfk_3` FOREIGN KEY (`con_id`) REFERENCES `concierto` (`con_id`);

--
-- Filtros para la tabla `opciones`
--
ALTER TABLE `opciones`
  ADD CONSTRAINT `opciones_ibfk_1` FOREIGN KEY (`mod_id`) REFERENCES `modulos` (`mod_id`);

--
-- Filtros para la tabla `permisos`
--
ALTER TABLE `permisos`
  ADD CONSTRAINT `permisos_ibfk_1` FOREIGN KEY (`opc_id`) REFERENCES `opciones` (`opc_id`);

--
-- Filtros para la tabla `usuario`
--
ALTER TABLE `usuario`
  ADD CONSTRAINT `usuario_ibfk_2` FOREIGN KEY (`rol_id`) REFERENCES `rol` (`rol_id`);

--
-- Filtros para la tabla `venta`
--
ALTER TABLE `venta`
  ADD CONSTRAINT `venta_ibfk_1` FOREIGN KEY (`usu_id`) REFERENCES `usuario` (`usu_id`);

--
-- Filtros para la tabla `zona_concierto`
--
ALTER TABLE `zona_concierto`
  ADD CONSTRAINT `zona_concierto_ibfk_1` FOREIGN KEY (`con_id`) REFERENCES `concierto` (`con_id`);
COMMIT;

/*!40101 SET CHARACTER_SET_CLIENT=@OLD_CHARACTER_SET_CLIENT */;
/*!40101 SET CHARACTER_SET_RESULTS=@OLD_CHARACTER_SET_RESULTS */;
/*!40101 SET COLLATION_CONNECTION=@OLD_COLLATION_CONNECTION */;
